customer_grade,quote_stage,quantity,estimated_amount,days_until_due,converted
C,초기,3,49000000,17,1
A,협의중,5,29000000,30,1
A,초기,5,21000000,15,0
C,협의중,4,93000000,20,0
A,유력,6,72000000,24,1
A,유력,1,29000000,27,1
C,협의중,1,111000000,32,0
D,협의중,5,55000000,26,0
C,초기,2,116000000,21,0
D,유력,4,53000000,32,0
B,협의중,2,103000000,20,0
C,초기,6,39000000,18,0
B,유력,6,106000000,17,0
C,유력,2,22000000,23,1
A,유력,5,109000000,23,1
B,유력,6,76000000,12,1
A,협의중,3,113000000,30,0
B,초기,2,83000000,34,1
A,초기,6,38000000,30,0
B,협의중,4,85000000,19,0
D,초기,6,32000000,20,0
B,초기,2,76000000,3,0
D,초기,5,115000000,14,0
A,협의중,6,82000000,15,1
C,협의중,5,18000000,23,0
A,협의중,3,48000000,6,1
B,초기,6,80000000,7,0
B,초기,6,78000000,13,1
D,협의중,2,87000000,15,0
B,협의중,3,74000000,31,1
A,협의중,5,88000000,17,0
A,협의중,1,47000000,7,0
D,초기,2,53000000,34,0
A,유력,5,91000000,33,1
B,협의중,1,30000000,30,1
B,유력,1,104000000,9,1
C,유력,1,49000000,15,1
B,협의중,3,77000000,18,0
A,유력,5,30000000,6,1
B,초기,1,114000000,18,1
B,초기,4,25000000,13,0
D,초기,4,54000000,30,0
C,유력,6,109000000,34,1
B,유력,5,112000000,6,0
A,협의중,5,85000000,13,1
B,유력,1,94000000,7,1
A,초기,5,49000000,5,0
B,협의중,5,58000000,19,1
C,초기,4,34000000,22,0
D,유력,1,76000000,9,1
A,초기,3,26000000,18,1
A,유력,6,56000000,3,1
B,유력,1,35000000,19,1
A,협의중,3,54000000,16,1
A,협의중,3,82000000,34,1
D,초기,6,72000000,20,1
B,초기,3,38000000,31,0
B,초기,1,106000000,12,0
C,협의중,2,73000000,11,1
B,유력,1,63000000,16,1
C,협의중,5,70000000,12,0
A,초기,2,70000000,4,1
D,유력,4,120000000,18,1
C,초기,1,78000000,17,1
D,협의중,2,46000000,4,0
B,초기,1,116000000,20,0
B,협의중,5,60000000,4,1
D,초기,3,22000000,9,0
B,유력,4,95000000,35,1
D,초기,1,108000000,30,1
D,협의중,6,112000000,15,0
A,협의중,3,97000000,23,0
A,유력,5,57000000,29,1
C,협의중,2,71000000,27,0
D,협의중,3,69000000,3,0
A,유력,5,101000000,23,1
B,초기,4,119000000,13,0
B,협의중,5,60000000,8,0
C,협의중,2,43000000,12,1
A,협의중,1,76000000,29,0
B,협의중,4,81000000,28,1
C,초기,1,117000000,30,0
C,협의중,4,24000000,18,0
A,초기,4,103000000,23,0
D,협의중,6,82000000,30,0
B,유력,6,78000000,31,1
A,협의중,5,80000000,18,1
A,초기,3,60000000,23,0
A,초기,4,106000000,12,0
A,협의중,5,77000000,29,1
C,협의중,5,107000000,4,0
C,협의중,1,63000000,22,0
D,유력,4,86000000,17,0
B,협의중,4,61000000,28,0
C,유력,5,86000000,4,0
B,협의중,1,100000000,30,1
B,초기,4,59000000,16,0
B,유력,3,114000000,29,1
A,초기,5,24000000,25,1
A,유력,1,114000000,4,0
A,초기,2,48000000,11,1
A,유력,4,107000000,19,1
A,협의중,6,109000000,10,0
A,협의중,5,21000000,22,1
D,협의중,6,43000000,7,0
C,초기,6,116000000,22,0
C,초기,5,118000000,5,0
B,협의중,5,100000000,24,1
B,협의중,4,64000000,32,0
B,협의중,6,52000000,33,0
C,협의중,3,49000000,8,1
B,유력,5,96000000,27,1
B,협의중,4,45000000,25,0
B,유력,6,53000000,3,1
A,초기,4,80000000,18,0
C,협의중,1,29000000,21,1
C,협의중,5,65000000,33,0
B,유력,5,60000000,25,0
B,초기,1,110000000,15,0
C,유력,6,41000000,15,1
B,협의중,5,94000000,21,0
C,초기,3,40000000,22,1
B,초기,1,88000000,21,0
A,유력,4,31000000,3,1
B,협의중,2,24000000,19,0
B,유력,4,80000000,7,1
C,초기,5,56000000,8,0
A,유력,5,94000000,17,0
B,유력,3,93000000,30,1
C,협의중,6,30000000,16,0
B,초기,2,40000000,7,1
B,협의중,4,55000000,5,1
C,협의중,4,27000000,17,0
C,협의중,6,120000000,15,0
B,협의중,3,36000000,7,1
C,협의중,5,54000000,31,1
C,협의중,3,82000000,34,0
B,유력,6,59000000,19,1
A,협의중,5,93000000,4,0
C,초기,1,115000000,14,0
C,유력,2,92000000,30,0
B,초기,3,70000000,24,0
A,초기,4,106000000,34,1
D,유력,5,22000000,32,1
B,초기,4,83000000,3,0
B,협의중,2,84000000,26,0
B,협의중,1,44000000,20,1
D,협의중,6,80000000,10,1
C,유력,6,38000000,22,0
B,초기,1,77000000,10,0
A,유력,3,83000000,20,1
B,협의중,4,88000000,12,1
D,협의중,2,26000000,20,0
D,협의중,5,52000000,3,0
B,협의중,6,80000000,12,1
B,협의중,5,66000000,32,0
D,유력,2,91000000,27,1
C,초기,6,78000000,27,0
C,유력,2,81000000,5,1
D,협의중,1,74000000,9,0
B,협의중,4,101000000,12,1
C,초기,5,106000000,28,0
D,유력,5,66000000,23,0
D,협의중,5,22000000,7,1
C,초기,2,113000000,8,0
A,협의중,1,74000000,13,1
D,초기,1,55000000,25,0
A,협의중,5,105000000,14,1
A,유력,5,105000000,18,1
B,초기,6,50000000,32,0
A,유력,3,104000000,13,1
D,유력,3,99000000,30,0
B,협의중,4,79000000,9,1
B,협의중,6,55000000,4,0
C,초기,5,105000000,6,0
C,유력,3,117000000,17,0
B,협의중,5,50000000,11,0
D,협의중,3,118000000,31,1
B,초기,3,59000000,29,1
A,협의중,3,85000000,35,0
C,초기,4,55000000,24,0
B,초기,2,104000000,28,0
C,협의중,4,19000000,19,0
B,협의중,6,51000000,27,0
D,초기,2,78000000,4,0
D,협의중,5,46000000,7,0
B,협의중,6,70000000,10,1
D,협의중,4,32000000,9,1
B,협의중,3,103000000,29,0
C,유력,6,30000000,34,0
D,초기,6,65000000,16,0
D,유력,1,105000000,26,0
D,협의중,4,53000000,15,0
D,유력,1,102000000,16,0
B,초기,3,49000000,11,0
A,유력,5,44000000,16,1
A,유력,5,18000000,20,1
A,초기,3,120000000,14,1
D,초기,3,119000000,18,0
A,초기,2,112000000,29,0
C,협의중,3,83000000,9,0
A,협의중,6,118000000,22,1
D,초기,4,69000000,30,0
B,유력,1,28000000,23,1
A,초기,6,92000000,23,0
B,초기,5,95000000,30,0
C,유력,6,116000000,16,1
D,협의중,4,69000000,29,0
B,협의중,3,65000000,12,0
B,초기,1,29000000,30,1
C,유력,5,25000000,24,0
B,유력,4,110000000,6,0
C,협의중,5,82000000,16,1
B,유력,3,89000000,26,1
B,초기,4,89000000,4,0
C,협의중,1,41000000,20,0
B,협의중,1,41000000,12,1
B,초기,6,21000000,8,0
A,협의중,3,38000000,26,1
B,유력,5,28000000,6,1
C,초기,1,52000000,31,0
B,협의중,3,45000000,35,1
B,초기,6,93000000,34,0
B,초기,5,25000000,3,0
D,유력,3,55000000,23,1
B,협의중,2,66000000,17,1
C,유력,1,68000000,5,1
B,초기,3,91000000,30,0
C,협의중,1,69000000,4,0
A,유력,4,106000000,26,1
C,초기,5,69000000,8,0
B,협의중,3,117000000,13,1
C,협의중,2,117000000,25,0
D,협의중,2,48000000,9,1
A,협의중,6,27000000,14,0
C,협의중,5,115000000,31,0
D,협의중,5,59000000,23,1
A,협의중,3,119000000,20,1
B,초기,4,75000000,5,1
C,초기,1,96000000,35,0
B,유력,6,23000000,31,0
B,초기,5,78000000,35,1
A,초기,3,109000000,8,0
A,초기,4,74000000,13,1
D,협의중,3,104000000,6,0
C,초기,1,89000000,27,0
C,협의중,5,37000000,24,1
C,유력,3,101000000,28,1
C,초기,5,66000000,24,0
C,유력,6,105000000,8,0
B,협의중,3,57000000,14,0
B,유력,2,46000000,11,1
B,유력,5,116000000,5,0
D,협의중,5,66000000,12,1
C,유력,2,110000000,31,1
B,협의중,4,96000000,21,0
C,초기,2,57000000,33,0
A,협의중,5,74000000,32,0
C,협의중,4,38000000,15,0
A,초기,6,79000000,26,0
A,유력,1,54000000,8,1
B,유력,2,73000000,8,0
A,협의중,3,21000000,29,1
B,초기,1,65000000,17,1
D,유력,6,60000000,12,1
B,유력,6,35000000,33,1
A,초기,3,45000000,12,0
C,협의중,1,117000000,21,1
A,초기,6,119000000,32,1
C,협의중,5,20000000,35,0
C,초기,1,96000000,25,0
B,협의중,1,85000000,26,1
B,협의중,5,88000000,4,0
B,협의중,3,50000000,4,1
A,초기,6,98000000,9,0
C,협의중,1,63000000,24,0
A,유력,4,107000000,33,1
C,초기,4,22000000,21,0
C,유력,3,57000000,35,1
C,협의중,1,114000000,15,1
D,초기,6,60000000,20,0
B,유력,6,74000000,27,1
A,협의중,3,120000000,20,0
C,초기,5,41000000,21,0
A,협의중,3,75000000,30,1
B,협의중,6,63000000,30,1
D,유력,1,103000000,28,0
C,협의중,1,36000000,31,1
A,유력,3,64000000,27,0
A,초기,4,65000000,26,0
A,초기,3,68000000,23,0
A,초기,6,41000000,34,0
D,초기,3,108000000,31,0
C,협의중,4,43000000,10,1
A,초기,6,74000000,8,0
D,유력,6,62000000,7,0
B,초기,2,109000000,14,0
B,초기,2,119000000,11,1
B,협의중,5,65000000,32,0
B,협의중,1,26000000,22,1
C,협의중,4,116000000,29,0
A,유력,6,27000000,31,1
B,초기,5,99000000,14,0
A,협의중,1,33000000,12,1
A,유력,2,62000000,21,1
B,협의중,5,53000000,11,0
C,초기,6,39000000,12,0
C,유력,3,90000000,5,0
A,초기,6,116000000,19,0
C,협의중,6,21000000,34,0
B,협의중,3,79000000,18,0
C,초기,1,106000000,6,0
B,협의중,3,95000000,12,1
C,협의중,3,69000000,11,0
B,초기,2,77000000,10,1
A,초기,3,67000000,29,1
D,초기,3,91000000,23,0
A,유력,4,81000000,22,1
A,협의중,4,48000000,16,1
A,초기,5,101000000,33,0
A,초기,2,51000000,26,0
B,협의중,5,89000000,15,1
B,협의중,4,115000000,20,0
C,협의중,2,30000000,28,1
D,협의중,3,114000000,12,0
B,협의중,1,22000000,11,0
C,협의중,2,95000000,35,1
D,협의중,4,96000000,22,0
B,협의중,4,108000000,22,0
A,협의중,1,71000000,22,0
C,협의중,1,94000000,33,1
C,유력,5,91000000,17,0
B,초기,6,110000000,27,0
C,초기,6,32000000,15,1
B,초기,6,44000000,29,0
C,협의중,6,111000000,6,0
B,협의중,6,79000000,27,1
A,유력,3,87000000,25,1
D,협의중,6,51000000,33,0
A,협의중,2,56000000,21,1
C,협의중,4,62000000,20,1
B,협의중,4,62000000,12,1
B,협의중,3,74000000,19,0
A,유력,3,89000000,20,1
C,협의중,2,24000000,17,0
A,협의중,6,78000000,9,1
A,유력,2,70000000,33,1
A,유력,3,54000000,6,0
A,협의중,5,112000000,5,0
A,유력,2,22000000,28,1
A,협의중,3,22000000,3,1
C,유력,3,54000000,32,0
B,협의중,2,82000000,32,1
C,협의중,6,76000000,19,0
A,협의중,3,90000000,15,1
D,유력,4,83000000,23,1
C,초기,2,79000000,23,0
A,협의중,4,114000000,20,0
B,협의중,1,51000000,26,0
A,초기,3,38000000,28,0
D,유력,3,106000000,10,0
D,협의중,2,46000000,11,0
B,유력,3,71000000,33,0
C,유력,2,105000000,8,1
B,협의중,5,32000000,6,0
D,초기,5,37000000,13,0
B,초기,2,109000000,34,1
B,유력,4,34000000,35,1
B,협의중,6,57000000,4,0
C,협의중,5,27000000,5,0
C,협의중,1,26000000,33,1
B,유력,6,111000000,29,1
D,협의중,4,66000000,8,0
C,협의중,6,62000000,10,1
B,협의중,6,46000000,3,0
D,협의중,6,87000000,30,0
C,초기,3,37000000,20,1
D,유력,1,102000000,29,0
D,유력,2,44000000,7,1
A,협의중,6,24000000,18,0
B,초기,2,114000000,6,0
D,초기,6,91000000,23,0
C,유력,2,56000000,12,0
B,협의중,3,25000000,14,0
B,협의중,3,100000000,27,0
B,협의중,2,56000000,27,1
B,초기,2,56000000,12,0
D,협의중,4,89000000,11,0
B,협의중,1,75000000,26,1
C,초기,3,66000000,5,0
A,유력,6,103000000,16,1
D,협의중,1,45000000,15,0
A,유력,4,49000000,16,1
A,협의중,3,66000000,32,1
B,초기,5,81000000,32,0
D,협의중,3,44000000,26,0
A,유력,6,36000000,4,1
D,협의중,4,55000000,12,1
A,협의중,2,81000000,24,1
C,유력,6,112000000,34,0
C,협의중,2,110000000,34,1
D,유력,1,85000000,5,0
A,유력,1,115000000,3,1
C,초기,6,37000000,3,0
B,초기,6,103000000,33,0
A,협의중,4,19000000,4,1
B,유력,1,82000000,30,0
D,초기,1,85000000,12,0
C,초기,3,52000000,28,1
D,협의중,2,107000000,17,0
C,초기,6,115000000,5,0
B,협의중,1,99000000,3,0
A,유력,6,118000000,24,1
D,초기,5,23000000,17,0
D,유력,4,52000000,5,0
C,초기,5,90000000,5,0
D,초기,2,93000000,12,0
C,협의중,1,56000000,13,0
B,유력,6,87000000,24,1
C,유력,6,110000000,8,0
D,초기,4,47000000,7,0
C,유력,4,117000000,23,1
B,유력,4,47000000,25,1
B,초기,5,102000000,27,0
C,유력,6,27000000,8,1
B,유력,2,112000000,27,1
A,초기,3,74000000,26,0
A,초기,4,75000000,35,1
A,협의중,1,94000000,23,0
A,협의중,1,110000000,18,1
A,협의중,2,52000000,22,1
A,초기,3,71000000,22,0
A,초기,2,110000000,34,0
A,초기,3,18000000,28,1
C,유력,3,74000000,24,1
C,협의중,5,35000000,22,0
D,초기,3,40000000,28,0
B,협의중,4,91000000,18,1
B,유력,3,32000000,15,1
B,협의중,5,21000000,32,0
A,유력,6,26000000,29,1
A,협의중,3,102000000,12,0
C,초기,5,79000000,28,0
D,유력,4,87000000,5,0
B,유력,5,94000000,8,1
A,협의중,2,100000000,5,0
C,협의중,3,119000000,30,1
A,초기,6,84000000,17,0
B,유력,5,106000000,35,1
D,협의중,3,71000000,8,1
D,초기,3,61000000,32,0
B,협의중,1,74000000,31,1
B,유력,1,20000000,24,1
C,초기,6,49000000,14,0
B,협의중,4,47000000,28,0
A,협의중,4,21000000,15,1
B,초기,2,44000000,20,0
C,초기,1,120000000,14,0
A,초기,6,80000000,23,0
C,협의중,3,63000000,32,0
C,협의중,3,96000000,8,0
B,초기,1,41000000,26,0
B,협의중,2,91000000,27,0
B,협의중,6,40000000,13,1
A,협의중,4,97000000,6,0
D,협의중,2,67000000,35,0
B,협의중,6,74000000,34,1
B,유력,2,55000000,5,1
B,초기,4,90000000,34,0
A,초기,5,64000000,5,0
B,초기,4,31000000,18,1
D,협의중,3,29000000,31,0
A,유력,2,112000000,25,0
C,협의중,5,35000000,16,0
C,협의중,5,53000000,13,1
C,초기,3,83000000,9,0
C,협의중,1,53000000,11,0
A,초기,3,49000000,28,0
B,초기,4,66000000,31,1
C,유력,4,83000000,20,0
D,협의중,4,59000000,3,0
C,초기,4,99000000,25,0
C,협의중,4,45000000,34,1
C,협의중,5,34000000,34,0
D,유력,1,30000000,32,1
D,초기,4,18000000,30,0
C,초기,6,56000000,13,0
D,초기,3,50000000,8,0
D,초기,4,98000000,22,0
C,협의중,1,108000000,9,1
B,초기,2,84000000,31,1
C,유력,4,106000000,11,1
A,초기,1,31000000,23,1
B,협의중,2,100000000,12,1
B,협의중,2,74000000,25,0
C,초기,4,96000000,31,0
A,초기,1,93000000,27,0
B,유력,2,53000000,8,1
C,협의중,3,117000000,4,0
C,협의중,5,95000000,35,0
B,협의중,2,81000000,27,1
B,협의중,5,19000000,26,0
A,유력,5,71000000,26,1
A,협의중,1,20000000,7,1
A,유력,4,82000000,21,1
B,협의중,6,69000000,8,0
B,초기,1,57000000,8,0
A,유력,5,59000000,28,1
C,협의중,6,26000000,22,0
C,유력,1,49000000,8,0
A,협의중,1,57000000,14,1
C,협의중,2,81000000,25,0
C,협의중,2,65000000,11,0
D,협의중,1,116000000,4,0
B,협의중,3,109000000,7,0
B,초기,5,39000000,26,1
C,유력,6,110000000,10,1
B,초기,1,49000000,5,0
B,초기,1,88000000,29,0
A,유력,3,52000000,7,1
A,협의중,1,40000000,17,0
D,유력,1,77000000,21,0
B,초기,4,19000000,26,1
B,협의중,5,49000000,32,1
D,유력,2,111000000,18,1
D,초기,5,62000000,3,0
A,협의중,6,111000000,22,1
B,초기,4,25000000,12,0
A,유력,5,70000000,26,1
C,협의중,5,35000000,28,1
B,협의중,2,48000000,21,1
B,유력,6,112000000,23,1
B,초기,2,35000000,9,1
A,협의중,4,33000000,25,0
A,협의중,3,33000000,8,1
C,유력,6,95000000,5,1
D,초기,6,49000000,25,0
A,초기,2,21000000,28,0
B,협의중,1,77000000,9,0
A,초기,2,34000000,15,0
B,협의중,6,28000000,19,0
A,유력,2,100000000,31,0
A,유력,3,33000000,5,0
A,유력,4,110000000,28,1
B,협의중,3,45000000,14,1
B,초기,5,97000000,18,0
B,유력,4,25000000,8,1
A,초기,5,49000000,4,0
C,협의중,5,118000000,34,0
B,협의중,3,41000000,4,1
A,유력,3,25000000,33,1
C,유력,2,30000000,18,1
B,유력,6,25000000,17,1
D,협의중,2,40000000,18,0
C,협의중,5,21000000,25,0
B,협의중,2,81000000,22,1
A,초기,5,46000000,4,0
A,유력,2,34000000,24,1
D,유력,3,25000000,4,1
C,초기,1,85000000,26,0
B,유력,4,93000000,9,1
B,유력,6,73000000,34,0
A,유력,6,96000000,25,1
B,초기,3,111000000,21,1
C,유력,5,68000000,5,1
B,유력,5,46000000,9,0
A,협의중,2,62000000,23,1
D,초기,6,103000000,24,0
B,초기,1,62000000,19,0
C,초기,4,111000000,29,0
D,협의중,4,62000000,27,1
B,유력,6,115000000,17,1
A,유력,3,20000000,23,1
A,협의중,4,38000000,7,1
D,초기,5,96000000,33,0
B,협의중,5,73000000,13,1
B,유력,4,107000000,19,0
B,초기,4,91000000,34,0
B,협의중,3,102000000,33,1
A,초기,3,28000000,33,0
B,협의중,4,102000000,19,1
B,초기,4,65000000,14,0
B,협의중,2,52000000,6,1
C,초기,6,62000000,29,0
B,협의중,4,84000000,29,0
C,유력,5,48000000,33,1
B,유력,1,82000000,12,1
C,초기,2,45000000,15,1
B,유력,4,43000000,12,0
B,유력,1,29000000,27,1
B,유력,5,76000000,3,0
C,협의중,4,32000000,29,1
B,협의중,1,31000000,9,0
D,유력,4,51000000,27,0
B,협의중,2,53000000,28,1
C,협의중,1,68000000,24,0
A,협의중,3,65000000,4,1
C,협의중,4,107000000,9,0
A,협의중,6,74000000,23,1
B,협의중,2,74000000,16,0
B,협의중,5,65000000,6,0
A,협의중,5,69000000,11,0
B,협의중,2,42000000,15,0
A,협의중,3,108000000,15,1
C,협의중,6,33000000,4,0
B,협의중,4,93000000,25,1
C,초기,6,29000000,21,1
A,유력,2,46000000,17,1
B,협의중,1,117000000,3,0
A,초기,1,46000000,19,0
D,협의중,6,100000000,20,0
B,협의중,3,45000000,32,1
B,협의중,5,31000000,3,0
C,유력,3,89000000,21,1
A,초기,3,99000000,23,0
B,협의중,6,56000000,15,1
C,유력,5,69000000,23,0
C,협의중,3,51000000,29,0
C,협의중,5,42000000,24,0
A,협의중,4,103000000,25,1
C,유력,5,41000000,21,1
A,초기,5,115000000,14,0
D,협의중,2,63000000,17,0
B,유력,3,65000000,19,1
B,초기,1,99000000,7,0
A,초기,6,66000000,22,0
D,초기,2,61000000,29,0
D,유력,2,58000000,14,0
B,협의중,2,58000000,6,1
B,유력,2,91000000,13,1
C,초기,5,73000000,30,0
D,협의중,1,86000000,15,0
D,유력,5,42000000,4,0
C,초기,6,62000000,22,0
B,협의중,2,26000000,5,1
B,협의중,5,85000000,24,0
C,초기,4,63000000,15,1
D,유력,1,47000000,17,0
A,협의중,5,82000000,13,1
C,유력,4,99000000,19,0
C,협의중,1,102000000,9,0
A,협의중,4,74000000,27,1
B,협의중,2,106000000,3,0
C,협의중,3,97000000,11,0
D,협의중,5,33000000,21,1
A,초기,2,117000000,19,0
D,협의중,4,55000000,13,1
B,초기,4,60000000,18,1
C,유력,5,103000000,34,1
A,협의중,6,110000000,9,0
C,협의중,3,51000000,32,1
C,유력,3,64000000,23,1
A,유력,1,19000000,11,1
A,협의중,4,97000000,20,0
A,유력,2,32000000,28,1
B,유력,6,79000000,29,0
C,초기,6,110000000,6,0
C,초기,5,79000000,31,0
B,협의중,1,105000000,11,1
B,유력,4,23000000,7,1
B,협의중,6,85000000,17,0
C,협의중,5,106000000,9,0
C,협의중,6,104000000,27,1
C,유력,5,24000000,3,0
A,유력,4,39000000,7,1
B,협의중,3,24000000,35,1
C,협의중,2,28000000,32,0
B,초기,4,75000000,23,1
B,협의중,1,69000000,29,1
B,유력,5,97000000,22,0
B,협의중,4,61000000,26,0
C,유력,3,89000000,33,0
B,협의중,1,115000000,17,1
B,협의중,3,88000000,26,0
A,초기,2,109000000,29,1
C,초기,4,45000000,32,0
A,협의중,4,23000000,10,0
B,협의중,5,35000000,34,1
C,협의중,4,92000000,33,0
C,유력,6,92000000,14,0
A,협의중,5,95000000,23,0
B,유력,6,115000000,18,1
D,유력,4,35000000,11,1
C,협의중,3,107000000,23,0
D,협의중,2,44000000,21,0
D,초기,6,101000000,14,0
C,협의중,1,115000000,25,0
B,유력,6,71000000,21,0
B,초기,1,21000000,27,1
C,초기,2,54000000,19,1
A,유력,2,114000000,5,1
B,협의중,6,112000000,17,0
B,초기,6,54000000,6,0
B,유력,6,58000000,6,1
B,협의중,4,46000000,26,0
B,협의중,6,42000000,21,0
D,초기,2,112000000,35,0
A,초기,3,34000000,13,0
B,협의중,6,37000000,5,1
B,초기,6,96000000,22,0
B,협의중,6,58000000,17,0
B,유력,2,71000000,28,1
A,초기,3,60000000,26,1
D,협의중,4,89000000,3,0
B,초기,6,96000000,18,0
C,협의중,1,67000000,19,0
B,유력,3,83000000,35,1
A,유력,2,59000000,35,1
A,유력,5,86000000,3,0
A,협의중,2,105000000,30,0
A,유력,6,117000000,30,1
D,협의중,2,21000000,32,0
A,초기,2,119000000,19,0
B,초기,3,70000000,27,0
B,협의중,4,104000000,10,0
C,협의중,6,92000000,5,0
A,유력,1,55000000,22,1
B,유력,4,68000000,4,1
B,초기,4,119000000,21,0
A,협의중,6,100000000,26,0
A,유력,2,33000000,5,1
B,협의중,1,57000000,16,0
D,협의중,4,100000000,35,0
A,협의중,3,42000000,10,1
C,유력,5,77000000,7,1
A,초기,6,92000000,34,0
B,협의중,2,30000000,21,0
D,협의중,4,60000000,22,0
A,협의중,3,72000000,13,1
A,초기,6,100000000,30,0
B,협의중,3,79000000,32,1
C,협의중,1,40000000,8,0
D,초기,5,43000000,19,0
C,협의중,1,82000000,4,0
B,유력,2,22000000,19,1
D,협의중,2,64000000,28,1
C,협의중,3,35000000,32,0
A,협의중,1,102000000,18,0
C,협의중,2,114000000,35,1
A,협의중,5,102000000,12,0
B,협의중,2,115000000,34,1
B,초기,6,44000000,26,0
D,유력,1,101000000,23,1
D,협의중,3,112000000,19,0
B,협의중,4,64000000,7,1
B,유력,5,69000000,25,0
B,유력,5,18000000,35,0
B,초기,5,100000000,20,0
A,협의중,6,33000000,17,1
B,초기,6,79000000,33,0
A,유력,1,49000000,5,1
B,초기,5,23000000,12,1
B,초기,4,94000000,4,0
C,유력,1,45000000,31,0
B,협의중,2,70000000,12,0
C,초기,6,83000000,19,0
C,유력,5,93000000,7,1
B,초기,2,84000000,35,0
C,협의중,2,78000000,5,0
B,유력,1,79000000,11,0
B,초기,6,101000000,30,0
B,초기,5,72000000,17,0
B,유력,3,93000000,9,1
B,유력,1,54000000,29,1
A,협의중,1,91000000,10,1
B,초기,3,70000000,26,1
B,협의중,3,86000000,30,0
C,유력,4,114000000,16,1
C,협의중,3,89000000,33,0
B,협의중,6,68000000,11,0
C,협의중,4,118000000,13,1
B,유력,5,96000000,6,1
D,초기,1,36000000,33,0
B,초기,2,65000000,8,0
C,유력,4,96000000,21,0
B,유력,2,99000000,34,1
A,협의중,5,54000000,15,1
B,협의중,2,96000000,13,0
B,협의중,2,29000000,20,0
B,협의중,5,43000000,3,0
A,초기,3,110000000,25,0
C,초기,2,76000000,28,0
B,협의중,1,89000000,7,0
B,초기,5,50000000,19,0
D,협의중,2,114000000,24,0
B,협의중,5,21000000,33,1
A,협의중,2,104000000,17,0
B,협의중,5,19000000,19,1
A,협의중,3,27000000,14,1
B,유력,3,41000000,15,1
A,협의중,3,44000000,17,1
A,협의중,2,117000000,9,1
A,유력,4,96000000,3,0
B,초기,4,65000000,23,0
D,유력,3,80000000,14,0
D,초기,2,114000000,11,0
C,협의중,5,22000000,35,0
D,유력,4,33000000,32,1
A,협의중,4,92000000,9,1
C,초기,5,51000000,18,0
D,협의중,2,81000000,30,0
C,협의중,4,53000000,31,1
A,협의중,2,30000000,20,0
B,유력,2,36000000,12,1
A,협의중,2,98000000,23,0
B,협의중,5,24000000,28,1
A,초기,3,78000000,9,1
B,협의중,5,89000000,19,1
B,협의중,6,95000000,15,0
C,협의중,3,63000000,23,0
B,협의중,1,66000000,21,1
D,유력,6,61000000,29,0
B,유력,1,28000000,13,1
B,협의중,6,52000000,28,1
B,유력,3,113000000,31,1
A,초기,6,48000000,19,0
C,초기,2,68000000,9,1
D,협의중,1,21000000,28,0
D,초기,5,37000000,8,0
D,협의중,2,112000000,21,0
A,협의중,2,21000000,5,0
D,협의중,4,77000000,20,0
A,유력,5,40000000,32,1
C,협의중,5,99000000,22,0
B,초기,1,74000000,22,0
B,협의중,1,84000000,11,1
B,초기,4,114000000,33,0
C,유력,5,47000000,3,0
A,유력,4,68000000,18,1
C,협의중,4,46000000,19,1
C,협의중,5,106000000,20,0
C,유력,4,42000000,7,1
B,협의중,5,75000000,20,0
B,협의중,2,24000000,4,1
A,초기,6,74000000,3,1
A,협의중,3,71000000,22,0
B,협의중,6,119000000,5,0
C,유력,1,52000000,28,1
B,초기,3,66000000,3,1
C,초기,4,49000000,5,0
C,초기,6,44000000,33,0
D,유력,2,98000000,5,0
B,초기,4,99000000,22,0
D,유력,2,32000000,18,0
B,초기,3,92000000,10,0
A,유력,5,118000000,33,0
A,유력,2,38000000,34,1
C,유력,6,25000000,6,1
A,협의중,1,34000000,34,1
D,유력,3,74000000,15,1
B,협의중,3,23000000,34,0
B,협의중,4,42000000,14,1
B,협의중,5,88000000,13,1
A,초기,3,87000000,26,0
C,협의중,6,41000000,4,0
B,협의중,3,110000000,7,0
B,협의중,5,105000000,34,0
A,초기,4,100000000,23,1
B,초기,2,40000000,5,0
B,초기,5,100000000,27,0
B,협의중,3,24000000,26,1
C,초기,2,101000000,34,0
C,협의중,6,25000000,26,0
D,협의중,3,119000000,6,0
B,초기,1,56000000,7,0
D,초기,6,47000000,27,0
B,초기,6,40000000,29,0
C,협의중,6,76000000,30,0
A,초기,4,82000000,24,0
B,협의중,3,58000000,23,0
B,협의중,6,59000000,18,0
A,유력,6,50000000,26,0
B,협의중,6,22000000,21,0
B,유력,3,18000000,22,0
A,협의중,6,53000000,35,1
D,초기,1,76000000,25,0
B,유력,2,47000000,19,1
A,협의중,2,111000000,7,0
C,초기,6,107000000,9,0
B,협의중,5,66000000,8,0
D,협의중,4,71000000,10,0
A,협의중,5,19000000,27,1
B,협의중,5,37000000,23,0
A,초기,6,68000000,31,0
B,초기,4,55000000,28,1
B,협의중,6,24000000,28,1
B,협의중,6,34000000,11,1
A,협의중,5,43000000,18,1
B,협의중,6,91000000,8,1
B,협의중,2,59000000,25,0
A,협의중,3,96000000,31,0
B,유력,2,43000000,26,1
C,초기,6,24000000,18,0
D,유력,3,19000000,24,0
A,협의중,1,60000000,16,1
A,협의중,3,88000000,33,0
D,협의중,6,20000000,27,0
C,초기,2,25000000,21,0
C,초기,4,101000000,3,0
C,협의중,6,64000000,9,1
D,협의중,2,66000000,35,0
A,협의중,5,86000000,8,1
B,협의중,6,20000000,5,1
B,협의중,4,113000000,13,1
C,협의중,3,48000000,35,1
A,초기,4,21000000,20,1
B,협의중,2,29000000,27,0
C,유력,6,47000000,29,1
A,유력,5,60000000,31,1
A,초기,5,105000000,15,0
B,협의중,5,35000000,30,0
D,초기,5,38000000,23,0
B,협의중,2,58000000,12,0
C,유력,4,70000000,22,1
D,유력,6,53000000,12,0
A,초기,5,96000000,20,0
C,협의중,2,105000000,4,0
C,협의중,5,95000000,33,0
B,유력,4,78000000,11,1
A,협의중,1,52000000,29,1
C,초기,2,26000000,14,0
D,유력,4,106000000,23,0
D,협의중,1,95000000,27,0
B,유력,5,94000000,5,0
B,유력,1,49000000,28,0
A,협의중,6,24000000,15,1
B,협의중,3,77000000,13,1
C,초기,5,36000000,32,0
B,협의중,1,41000000,11,1
B,초기,4,93000000,15,0
A,협의중,6,109000000,13,0
A,초기,4,99000000,26,1
C,협의중,5,96000000,13,0
B,유력,3,90000000,12,1
A,유력,1,71000000,22,1
C,협의중,6,41000000,10,0
D,초기,3,19000000,32,0
B,유력,5,81000000,18,1
C,협의중,4,28000000,3,0
B,협의중,5,44000000,6,1
A,협의중,2,22000000,22,1
A,초기,2,38000000,21,0
C,협의중,5,40000000,32,0
B,초기,3,59000000,26,0
C,유력,5,26000000,21,1
A,유력,3,85000000,29,1
C,협의중,1,91000000,8,0
C,유력,6,54000000,30,0
B,협의중,5,63000000,11,0
B,협의중,4,81000000,14,0
A,초기,2,18000000,10,1
C,초기,2,120000000,29,0
B,협의중,6,45000000,3,0
C,초기,1,57000000,22,0
B,초기,6,60000000,24,0
B,유력,2,42000000,24,0
D,협의중,4,120000000,5,0
B,협의중,5,60000000,32,0
B,협의중,5,56000000,23,0
A,협의중,3,120000000,25,1
A,유력,3,66000000,13,1
B,협의중,3,108000000,23,0
B,초기,2,65000000,31,0
B,협의중,2,32000000,26,0
C,유력,4,82000000,4,0
D,초기,3,79000000,22,0
A,유력,5,104000000,11,1
A,협의중,5,32000000,3,1
A,유력,1,60000000,32,1
A,유력,6,57000000,4,1
B,유력,3,43000000,15,1
B,유력,6,33000000,20,1
B,초기,5,89000000,35,0
B,협의중,3,36000000,21,0
A,협의중,3,87000000,31,1
A,유력,1,31000000,27,1
B,초기,5,93000000,31,0
B,유력,6,115000000,8,0
C,협의중,2,29000000,32,1
B,협의중,4,78000000,17,0
A,유력,3,64000000,28,1
D,협의중,3,76000000,34,1
B,협의중,4,39000000,21,0
C,초기,1,69000000,9,0
C,유력,5,77000000,28,0
A,초기,2,79000000,27,1
A,협의중,4,118000000,30,0
B,협의중,2,102000000,7,0
C,유력,1,93000000,32,1
A,협의중,3,69000000,7,1
C,협의중,4,59000000,34,0
A,초기,2,92000000,3,0
C,협의중,3,67000000,31,1
C,협의중,5,119000000,22,0
D,협의중,3,29000000,3,0
B,유력,3,25000000,26,0
D,초기,5,63000000,10,0
D,초기,6,93000000,28,0
C,협의중,4,87000000,16,0
B,초기,4,64000000,29,1
D,협의중,2,19000000,7,0
A,유력,6,73000000,11,1
C,협의중,4,118000000,30,0
B,협의중,4,67000000,25,1
B,초기,4,111000000,18,0
B,유력,5,64000000,5,0
B,협의중,1,92000000,33,0
A,협의중,5,114000000,20,1
A,유력,1,49000000,33,1
C,협의중,6,99000000,22,0
D,협의중,1,78000000,32,0
B,협의중,4,63000000,21,1
A,유력,6,56000000,19,1
B,초기,1,102000000,21,0
C,초기,1,34000000,35,1
C,초기,5,53000000,20,0
A,초기,2,93000000,12,0
B,초기,6,48000000,34,1
B,초기,1,36000000,12,0
C,협의중,4,48000000,31,0
A,협의중,3,24000000,19,0
A,초기,4,78000000,22,0
D,유력,2,66000000,27,1
A,유력,1,54000000,31,1
B,협의중,1,30000000,25,0
B,유력,3,60000000,20,1
A,협의중,4,77000000,18,1
B,초기,3,104000000,14,0
A,초기,1,19000000,29,1
A,협의중,2,110000000,21,1
A,협의중,1,94000000,16,0
C,협의중,1,29000000,11,1
C,협의중,2,32000000,14,1
B,유력,6,76000000,20,0
C,협의중,3,50000000,13,0
B,초기,4,60000000,6,0
C,초기,1,80000000,15,0
A,협의중,2,87000000,30,1
C,유력,6,51000000,9,1
A,협의중,4,20000000,34,1
C,유력,6,67000000,20,1
B,협의중,1,83000000,34,0
B,협의중,1,87000000,17,1
D,유력,4,33000000,25,1
B,초기,6,29000000,26,0
D,초기,4,115000000,21,0
A,초기,4,102000000,15,1
B,초기,6,63000000,34,1
C,협의중,2,22000000,15,1
D,초기,4,26000000,22,0
D,유력,1,22000000,24,1
C,초기,1,45000000,32,0
D,협의중,6,92000000,17,0
A,초기,6,20000000,33,0
C,초기,6,34000000,3,0
A,협의중,1,76000000,13,0
A,유력,1,81000000,17,1
A,협의중,6,104000000,28,1
D,협의중,2,59000000,16,0
B,협의중,1,53000000,12,0
A,협의중,2,74000000,18,0
A,초기,6,96000000,27,0
A,협의중,1,18000000,14,0
C,협의중,3,71000000,33,0
A,협의중,5,75000000,29,1
A,협의중,5,41000000,34,0
A,유력,3,62000000,29,1
A,초기,5,30000000,26,0
D,협의중,4,116000000,16,0
A,유력,6,78000000,34,1
C,초기,6,64000000,21,0
B,협의중,4,23000000,9,0
D,초기,1,80000000,35,0
D,협의중,5,92000000,23,0
C,유력,2,117000000,10,1
A,협의중,2,66000000,17,1
B,초기,4,36000000,16,0
B,협의중,2,76000000,15,0
D,초기,2,22000000,6,0
A,협의중,4,39000000,24,1
B,초기,6,96000000,13,0
B,초기,4,84000000,34,0
A,협의중,4,53000000,3,0
C,초기,3,73000000,17,0
B,초기,5,18000000,29,0
A,협의중,5,22000000,30,1
B,유력,1,75000000,34,1
B,초기,6,70000000,16,1
B,협의중,1,20000000,33,0
A,협의중,5,113000000,4,0
B,초기,6,69000000,14,0
B,협의중,6,18000000,7,1
C,협의중,3,72000000,20,0
C,협의중,2,118000000,8,0
B,유력,5,104000000,26,0
A,협의중,5,23000000,26,1
C,협의중,5,108000000,16,1
B,협의중,6,79000000,16,0
C,협의중,3,82000000,30,0
A,협의중,4,82000000,10,1
B,유력,3,75000000,26,0
D,유력,1,42000000,32,1
B,초기,1,31000000,13,1
C,협의중,2,84000000,4,0
D,협의중,2,78000000,25,0
C,초기,2,26000000,4,0
A,유력,6,60000000,29,1
C,유력,4,93000000,31,0
B,유력,3,39000000,19,1
B,초기,1,36000000,25,1
D,협의중,2,109000000,21,0
A,협의중,6,119000000,12,1
A,유력,5,34000000,31,1
A,협의중,1,103000000,23,0
A,협의중,2,86000000,22,1
A,유력,2,76000000,23,1
D,협의중,5,60000000,21,0
B,유력,5,103000000,12,0
C,유력,3,106000000,10,0
D,초기,5,32000000,22,1
C,초기,3,29000000,23,1
C,협의중,2,118000000,20,1
A,유력,6,103000000,8,0
B,협의중,5,95000000,35,0
D,협의중,2,109000000,30,0
B,초기,3,57000000,31,0
A,협의중,4,112000000,29,0
B,유력,4,111000000,29,1
B,초기,2,56000000,33,0
B,협의중,5,114000000,27,1
B,유력,4,40000000,32,0
C,초기,2,66000000,21,0
A,유력,5,56000000,34,1
B,초기,1,37000000,19,1
C,협의중,1,101000000,21,0
B,협의중,2,21000000,10,0
B,유력,5,113000000,26,0
B,유력,6,105000000,33,0
C,협의중,6,91000000,4,0
A,초기,3,77000000,11,1
A,협의중,6,63000000,6,1
B,유력,5,42000000,14,0
B,초기,3,58000000,22,0
C,협의중,5,92000000,25,0
A,협의중,3,117000000,34,1
D,초기,2,37000000,35,0
A,유력,5,106000000,10,1
D,초기,2,20000000,33,0
C,초기,4,94000000,24,0
B,협의중,1,46000000,11,0
A,초기,2,44000000,11,0
B,유력,1,27000000,4,0
C,초기,1,22000000,35,0
B,유력,1,26000000,22,1
C,유력,5,44000000,15,1
B,초기,6,53000000,25,0
D,유력,5,48000000,35,0
A,협의중,1,85000000,16,0
D,초기,5,18000000,9,0
D,유력,4,64000000,14,1
D,초기,3,66000000,30,0
A,초기,3,33000000,32,1
A,유력,6,54000000,5,1
B,협의중,4,94000000,22,0
C,초기,4,55000000,30,0
A,유력,4,104000000,26,1
D,협의중,1,68000000,31,0
C,초기,4,69000000,9,0
D,초기,3,43000000,24,0
C,협의중,2,72000000,34,1
C,협의중,3,114000000,28,0
C,유력,4,83000000,20,1
B,초기,4,81000000,17,0
A,초기,1,26000000,34,0
D,협의중,6,59000000,12,0
C,유력,6,114000000,34,0
A,협의중,4,82000000,19,1
C,협의중,1,115000000,5,0
D,초기,4,58000000,27,0
A,초기,6,117000000,22,0
A,협의중,3,109000000,27,1
A,협의중,6,88000000,33,1
D,협의중,4,51000000,34,0
B,협의중,3,59000000,6,1
A,유력,3,112000000,4,0
C,협의중,4,62000000,25,0
A,초기,2,100000000,22,0
D,초기,3,32000000,24,0
B,초기,6,72000000,35,0
B,협의중,5,20000000,23,1
B,협의중,4,30000000,16,1
B,유력,3,39000000,22,1
B,협의중,1,86000000,16,1
A,유력,4,120000000,17,1
D,협의중,5,30000000,24,0
B,협의중,4,44000000,25,0
C,협의중,3,73000000,23,1
B,협의중,4,103000000,14,0
C,협의중,2,91000000,34,1
D,협의중,4,52000000,30,0
C,초기,2,64000000,32,1
A,협의중,3,73000000,29,1
C,초기,2,70000000,20,0
C,초기,5,48000000,28,0
A,초기,3,77000000,34,0
B,협의중,1,43000000,13,1
A,유력,3,102000000,14,1
A,협의중,1,25000000,8,1
B,초기,4,64000000,8,0
C,유력,2,32000000,35,0
B,유력,5,50000000,34,0
A,초기,3,60000000,27,0
C,유력,2,36000000,9,1
D,협의중,3,93000000,6,0
B,유력,3,87000000,30,1
A,초기,2,64000000,33,0
C,초기,5,22000000,6,0
C,초기,5,67000000,22,0
C,유력,6,33000000,18,0
B,유력,4,50000000,22,1
C,초기,2,38000000,31,0
D,유력,4,119000000,5,0
A,유력,4,78000000,29,0
B,협의중,1,38000000,19,1
B,협의중,5,112000000,23,0
A,초기,6,41000000,31,0
A,협의중,6,57000000,23,1
A,초기,6,116000000,11,0
C,유력,3,75000000,33,0
A,초기,5,59000000,21,1
B,초기,4,91000000,17,1
A,협의중,5,98000000,17,0
D,초기,6,39000000,6,0
B,초기,1,65000000,13,0
A,협의중,4,116000000,32,0
B,초기,2,42000000,20,1
B,초기,2,94000000,16,0
B,협의중,4,41000000,29,0
A,유력,2,97000000,31,0
B,협의중,4,28000000,3,0
D,유력,4,105000000,16,0
C,협의중,3,27000000,9,0
A,유력,4,63000000,5,1
B,협의중,4,103000000,26,1
D,초기,2,51000000,13,0
D,유력,2,29000000,23,0
B,초기,3,23000000,11,0
D,초기,3,73000000,21,0
B,유력,3,84000000,23,1
A,협의중,4,115000000,12,1
D,협의중,4,24000000,15,1
A,초기,3,38000000,32,1
D,유력,1,74000000,25,0
B,협의중,1,110000000,12,1
A,유력,2,39000000,35,1
B,협의중,2,92000000,3,0
B,협의중,1,49000000,34,0
D,초기,6,105000000,10,0
B,유력,3,37000000,4,1
C,협의중,4,98000000,20,0
A,유력,6,97000000,31,1
C,협의중,5,34000000,16,0
C,초기,1,113000000,7,0
C,초기,3,40000000,18,0
D,초기,2,38000000,27,0
B,유력,6,37000000,10,1
C,협의중,3,105000000,11,0
A,협의중,2,80000000,31,0
B,협의중,4,29000000,30,0
C,협의중,4,29000000,5,0
D,협의중,6,105000000,12,0
B,협의중,1,55000000,32,1
D,협의중,2,34000000,22,0
B,초기,1,88000000,7,0
B,협의중,4,30000000,32,0
B,초기,3,92000000,8,0
A,협의중,4,40000000,14,0
A,협의중,6,56000000,23,1
B,협의중,5,51000000,24,0
D,초기,2,28000000,19,0
A,협의중,1,68000000,10,1
C,협의중,4,102000000,34,0
C,협의중,6,104000000,28,0
A,초기,2,32000000,4,0
A,초기,4,101000000,12,0
B,협의중,5,42000000,8,1
B,협의중,1,32000000,13,0
C,협의중,4,78000000,4,0
B,초기,5,68000000,6,0
A,유력,4,71000000,34,1
B,협의중,3,22000000,34,1
B,협의중,6,80000000,17,0
B,협의중,3,88000000,7,1
C,유력,1,81000000,25,1
B,초기,6,42000000,33,0
A,초기,6,61000000,32,1
B,협의중,4,104000000,26,0
C,유력,5,44000000,21,0
A,협의중,2,43000000,13,1
A,협의중,4,56000000,18,1
A,초기,3,63000000,13,1
D,협의중,1,61000000,30,1
A,협의중,4,51000000,24,0
C,유력,5,52000000,12,0
D,협의중,1,108000000,6,0
B,협의중,1,31000000,9,0
A,초기,6,33000000,16,0
A,초기,4,115000000,35,0
D,초기,3,60000000,11,0
A,유력,1,49000000,33,1
B,초기,3,109000000,29,0
C,초기,5,71000000,17,1
B,유력,4,84000000,26,0
B,유력,6,84000000,7,1
B,유력,2,73000000,6,1
A,유력,2,91000000,6,0
D,유력,5,55000000,29,0
C,협의중,3,110000000,23,0
A,초기,5,96000000,12,0
B,초기,5,97000000,31,0
D,유력,4,117000000,15,0
A,협의중,4,110000000,11,1
B,초기,5,88000000,22,0
C,초기,1,119000000,19,0
C,협의중,5,32000000,6,0
B,협의중,1,24000000,10,1
B,초기,3,48000000,17,0
B,유력,6,91000000,11,0
B,초기,3,84000000,15,0
B,초기,6,72000000,29,1
A,유력,4,45000000,31,1
C,협의중,5,84000000,28,0
B,협의중,4,106000000,34,0
B,초기,5,34000000,34,0
A,협의중,5,33000000,16,1
A,초기,5,65000000,10,0
B,초기,5,55000000,5,0
A,협의중,3,56000000,21,1
C,초기,5,71000000,6,0
B,초기,2,112000000,34,1
B,초기,1,71000000,33,0
B,유력,4,78000000,11,1
B,협의중,4,103000000,31,1
C,초기,5,103000000,29,0
D,협의중,1,103000000,31,0
C,유력,6,21000000,22,0
A,협의중,2,97000000,6,0
B,유력,5,20000000,10,1
B,유력,3,118000000,16,1
C,유력,4,28000000,23,1
A,유력,1,61000000,30,1
A,협의중,4,50000000,8,1
A,초기,2,41000000,19,0
A,유력,6,39000000,6,1
B,초기,1,56000000,27,1
A,유력,3,66000000,10,1
A,협의중,2,81000000,35,0
B,초기,1,58000000,32,0
A,초기,6,47000000,4,0
D,협의중,2,115000000,11,0
B,초기,6,82000000,16,0
A,협의중,2,118000000,18,1
B,유력,4,23000000,3,0
D,협의중,6,39000000,3,0
D,초기,3,105000000,27,0
C,초기,5,54000000,5,0
B,초기,1,68000000,10,0
C,유력,4,44000000,35,0
B,협의중,3,99000000,19,0
C,초기,6,59000000,24,0
D,협의중,6,35000000,3,0
A,초기,2,70000000,34,0
B,유력,6,101000000,7,1
D,유력,4,104000000,10,1
C,유력,3,67000000,14,0
C,유력,1,77000000,26,0
B,초기,1,115000000,20,0
C,초기,5,98000000,22,0
A,유력,3,22000000,20,1
C,협의중,1,43000000,28,1
B,협의중,2,88000000,15,0
B,협의중,5,40000000,7,0
C,초기,5,47000000,20,0
C,유력,6,104000000,19,0
D,초기,4,100000000,6,0
B,유력,4,53000000,10,1
B,협의중,1,110000000,17,1
D,협의중,3,18000000,28,1
A,협의중,1,112000000,17,0
B,초기,2,43000000,13,1
A,협의중,1,79000000,30,0
B,협의중,3,50000000,18,1
A,협의중,1,60000000,18,0
C,협의중,1,98000000,31,0
A,초기,1,66000000,23,0
C,유력,1,120000000,31,1
C,협의중,1,104000000,6,0
B,협의중,1,97000000,29,1
B,협의중,1,76000000,27,1
B,협의중,1,61000000,4,0
B,초기,1,19000000,7,0
C,유력,2,99000000,35,1
B,협의중,4,41000000,18,1
A,초기,5,73000000,35,0
C,협의중,5,117000000,12,1
B,협의중,3,19000000,12,1
B,유력,1,72000000,25,1
A,유력,1,61000000,15,1
C,유력,5,106000000,24,0
B,협의중,3,71000000,24,1
B,유력,1,81000000,17,0
C,협의중,4,97000000,16,1
C,유력,3,112000000,27,1
A,유력,3,19000000,7,1
B,초기,4,42000000,26,1
A,초기,2,46000000,19,0
B,협의중,2,43000000,4,1
B,초기,6,35000000,27,0
D,협의중,2,57000000,32,1
C,협의중,5,120000000,30,0
A,초기,2,119000000,15,1
B,협의중,5,72000000,18,0
C,협의중,5,55000000,12,1
A,유력,2,83000000,34,1
A,협의중,6,96000000,7,1
B,유력,5,65000000,34,1
A,협의중,5,106000000,33,0
B,초기,4,99000000,5,0
D,협의중,2,68000000,16,1
D,협의중,3,50000000,8,1
A,협의중,3,47000000,5,1
C,협의중,4,73000000,29,0
B,초기,1,40000000,31,1
C,협의중,1,55000000,35,0
C,유력,2,30000000,10,1
A,초기,2,104000000,24,1
C,유력,3,42000000,11,0
C,협의중,3,19000000,22,1
B,유력,4,92000000,3,0
B,유력,2,68000000,17,1
C,협의중,5,93000000,32,0
B,유력,3,42000000,30,0
C,초기,4,89000000,4,0
B,초기,6,19000000,34,0
C,협의중,4,72000000,28,0
C,초기,5,20000000,5,0
A,유력,3,90000000,28,0
A,협의중,5,67000000,15,1
B,유력,6,56000000,8,1
C,초기,6,95000000,34,1
A,유력,4,54000000,16,1
C,초기,1,65000000,3,0
D,협의중,2,32000000,11,0
B,초기,2,34000000,16,1
C,협의중,2,95000000,22,0
B,협의중,3,43000000,3,0
B,유력,5,49000000,24,0
D,협의중,5,23000000,8,0
D,협의중,6,109000000,22,0
C,유력,4,49000000,14,0
C,협의중,6,41000000,9,0
D,초기,2,53000000,21,0
A,협의중,2,81000000,29,0
B,유력,1,114000000,9,1
C,협의중,2,50000000,16,0
B,초기,6,104000000,32,0
C,유력,4,22000000,3,1
C,초기,6,113000000,32,0
A,협의중,2,109000000,31,1
C,유력,2,20000000,9,1
A,협의중,2,27000000,3,0
A,협의중,2,109000000,5,0
B,협의중,1,99000000,9,1
B,초기,1,24000000,27,0
D,협의중,2,43000000,8,1
A,초기,2,105000000,7,1
D,유력,6,39000000,13,1
B,유력,3,89000000,15,1
D,협의중,4,33000000,17,1
B,초기,4,101000000,23,1
A,초기,6,53000000,26,1
D,협의중,5,81000000,9,0
C,유력,5,39000000,19,0
B,유력,6,67000000,11,1
C,유력,3,103000000,33,1
A,유력,4,66000000,35,1
A,협의중,1,47000000,4,0
D,협의중,6,72000000,18,0
A,협의중,3,43000000,12,1
C,초기,6,94000000,31,0
B,초기,6,118000000,5,0
D,협의중,3,114000000,4,0
C,협의중,2,87000000,6,0
C,초기,6,107000000,17,0
B,협의중,4,98000000,3,1
B,유력,1,99000000,12,0
A,초기,5,119000000,16,1
A,협의중,3,39000000,15,1
A,초기,3,91000000,31,0
A,유력,4,28000000,26,1
A,협의중,5,96000000,30,0
C,유력,1,115000000,27,1
A,유력,3,94000000,12,1
A,협의중,3,76000000,21,1
C,초기,2,109000000,33,0
D,초기,5,111000000,26,0
D,유력,6,65000000,27,0
C,협의중,4,22000000,10,1
B,초기,4,50000000,25,0
B,협의중,6,25000000,27,0
C,초기,1,64000000,4,0
C,초기,4,105000000,12,0
C,유력,2,19000000,10,0
C,유력,4,108000000,8,0
A,협의중,4,50000000,22,1
B,유력,5,57000000,29,0
D,유력,1,99000000,25,0
B,초기,6,68000000,22,1
A,협의중,1,26000000,29,1
C,협의중,2,40000000,26,1
A,협의중,5,32000000,31,1
A,초기,6,41000000,15,1
D,협의중,6,97000000,9,0
A,초기,4,33000000,20,1
A,초기,4,104000000,9,1
B,유력,6,92000000,5,1
B,초기,5,84000000,20,0
B,협의중,4,61000000,26,0
B,협의중,2,64000000,28,1
A,협의중,3,30000000,3,1
C,협의중,2,21000000,10,0
B,협의중,2,65000000,31,0
C,협의중,4,102000000,15,1
C,유력,3,20000000,26,0
D,협의중,6,74000000,17,0
B,협의중,1,62000000,30,0
D,협의중,6,107000000,9,0
B,초기,2,84000000,35,1
B,초기,6,88000000,32,0
B,초기,6,87000000,18,0
A,유력,6,29000000,9,1
C,초기,3,67000000,20,0
B,협의중,6,33000000,11,0
C,협의중,6,60000000,17,0
C,협의중,6,61000000,27,0
C,협의중,6,100000000,30,0
A,초기,1,32000000,8,1
B,초기,1,91000000,26,1
B,협의중,6,18000000,22,1
B,유력,4,58000000,26,0
D,초기,6,95000000,17,0
A,유력,3,36000000,21,1
B,협의중,5,54000000,12,0
C,유력,1,94000000,23,1
D,초기,6,91000000,33,0
A,초기,4,25000000,24,1
C,유력,2,107000000,6,0
C,유력,6,68000000,22,0
C,유력,1,88000000,28,1
C,유력,4,68000000,7,1
B,협의중,2,107000000,28,1
B,유력,1,108000000,22,1
A,초기,6,79000000,21,0
A,유력,2,112000000,3,1
D,초기,2,66000000,30,0
A,초기,3,78000000,14,0
A,협의중,3,93000000,30,0
C,협의중,1,33000000,18,1
B,협의중,2,101000000,27,0
D,협의중,1,117000000,32,0
C,초기,6,74000000,26,1
A,초기,6,103000000,35,1
B,유력,4,53000000,9,0
A,협의중,6,107000000,30,1
A,협의중,6,119000000,14,1
C,협의중,5,118000000,34,1
C,협의중,6,33000000,16,0
D,초기,5,106000000,14,1
B,협의중,1,34000000,16,0
A,초기,1,28000000,10,1
B,협의중,4,102000000,3,1
A,유력,3,102000000,31,1
B,협의중,3,95000000,35,1
A,유력,2,22000000,15,1
D,초기,2,95000000,16,0
B,협의중,4,27000000,19,1
C,초기,4,28000000,19,0
D,초기,2,27000000,20,0
C,초기,3,90000000,35,0
B,초기,4,66000000,4,0
A,초기,5,32000000,29,1
C,협의중,3,117000000,20,1
C,초기,1,66000000,17,0
A,유력,2,85000000,22,1
C,초기,3,107000000,21,0
C,유력,2,58000000,27,1
C,협의중,5,88000000,28,0
A,초기,5,109000000,12,0
A,협의중,3,24000000,26,0
A,협의중,6,76000000,14,1
B,협의중,3,53000000,30,0
C,유력,2,57000000,8,0
B,협의중,1,99000000,8,1
A,초기,5,25000000,8,0
B,협의중,1,72000000,35,0
A,협의중,6,104000000,10,1
C,유력,6,18000000,30,0
C,초기,6,102000000,5,0
D,협의중,5,46000000,14,1
C,협의중,1,72000000,34,1
B,초기,6,49000000,10,0
B,초기,1,112000000,28,0
B,유력,6,83000000,5,0
D,유력,1,63000000,3,0
B,협의중,1,62000000,14,1
A,협의중,2,28000000,35,0
B,유력,1,37000000,19,1
B,초기,4,41000000,20,1
B,유력,2,35000000,25,0
A,유력,6,43000000,10,1
A,협의중,6,60000000,5,1
A,협의중,6,52000000,10,1
B,유력,6,34000000,23,0
C,협의중,6,112000000,27,1
D,유력,2,37000000,25,0
C,초기,6,61000000,30,0
C,협의중,3,54000000,34,1
B,협의중,6,83000000,14,1
C,유력,6,49000000,30,1
C,유력,6,111000000,35,0
A,유력,6,99000000,12,1
A,초기,2,36000000,30,1
A,유력,4,70000000,22,1
D,초기,4,79000000,6,0
C,협의중,3,64000000,20,0
C,초기,1,41000000,5,1
C,협의중,3,78000000,20,0
A,초기,4,64000000,24,1
A,초기,5,116000000,11,0
C,협의중,5,85000000,26,0
B,협의중,1,31000000,11,0
C,초기,6,42000000,15,0
D,초기,5,97000000,24,0
B,유력,5,110000000,12,1
A,협의중,3,115000000,25,0
B,협의중,4,26000000,33,1
D,협의중,1,39000000,20,0
A,초기,5,25000000,15,0
B,협의중,5,27000000,13,1
B,협의중,4,69000000,20,1
A,협의중,5,107000000,3,0
C,협의중,6,110000000,19,0
A,협의중,5,33000000,13,1
B,초기,6,36000000,20,0
B,유력,6,49000000,16,1
A,협의중,5,65000000,23,1
C,협의중,6,35000000,29,0
B,유력,6,19000000,25,1
D,초기,1,86000000,9,0
C,유력,3,98000000,16,0
A,초기,5,98000000,28,1
A,협의중,3,36000000,33,1
A,초기,2,42000000,34,0
A,초기,3,38000000,14,0
C,초기,2,27000000,30,0
D,유력,1,110000000,11,0
C,협의중,4,67000000,4,1
A,유력,1,34000000,18,1
B,유력,5,19000000,3,0
A,협의중,3,108000000,8,1
B,협의중,4,38000000,22,1
A,초기,6,52000000,10,1
A,협의중,1,83000000,29,1
D,초기,4,67000000,12,0
B,유력,6,67000000,10,1
D,초기,3,63000000,7,0
A,유력,1,23000000,12,1
B,협의중,6,72000000,12,0
C,협의중,3,62000000,9,1
B,협의중,3,109000000,7,0
D,유력,6,36000000,23,1
B,유력,4,26000000,10,1
D,초기,1,59000000,11,0
B,협의중,4,79000000,29,0
C,초기,6,49000000,27,0
B,협의중,5,86000000,17,1
B,협의중,5,117000000,17,0
A,초기,1,64000000,33,0
D,초기,3,64000000,11,0
A,유력,4,49000000,16,1
A,초기,6,108000000,12,0
A,유력,3,24000000,9,1
A,유력,2,21000000,12,1
A,초기,5,71000000,12,0
B,초기,5,107000000,22,0
C,협의중,6,106000000,3,0
A,유력,1,95000000,14,1
A,유력,6,76000000,19,0
B,협의중,4,38000000,20,0
B,유력,2,113000000,16,1
A,협의중,6,89000000,7,0
B,협의중,6,69000000,27,1
C,협의중,2,52000000,9,1
B,유력,3,21000000,18,1
B,초기,5,19000000,22,1
A,유력,2,52000000,8,0
B,협의중,4,23000000,6,1
D,초기,3,114000000,21,0
B,협의중,4,110000000,25,0
C,초기,4,112000000,35,0
C,초기,5,119000000,27,0
D,초기,2,37000000,32,0
C,유력,2,45000000,12,0
A,유력,5,111000000,24,1
A,초기,5,73000000,5,0
C,협의중,2,96000000,7,0
B,유력,1,19000000,12,1
B,유력,1,81000000,9,1
A,초기,1,53000000,26,1
A,협의중,4,51000000,33,0
C,협의중,2,33000000,34,1
D,협의중,5,105000000,11,0
B,협의중,3,65000000,8,0
B,초기,6,23000000,6,0
A,유력,1,37000000,9,1
A,협의중,1,46000000,27,0
C,협의중,4,100000000,32,1
A,초기,4,116000000,30,1
B,협의중,5,80000000,16,0
B,초기,1,87000000,12,0
A,초기,5,22000000,27,1
C,유력,4,45000000,6,1
A,유력,4,52000000,19,1
A,초기,4,28000000,22,0
B,협의중,2,103000000,19,1
A,유력,4,61000000,22,1
B,협의중,4,86000000,13,0
B,유력,5,67000000,3,0
D,초기,6,103000000,12,0
D,유력,6,112000000,23,1
D,유력,4,58000000,10,0
C,초기,6,18000000,31,0
D,협의중,6,92000000,9,1
C,초기,6,87000000,13,0
A,초기,2,104000000,3,0
B,협의중,3,82000000,10,0
C,협의중,4,63000000,25,0
B,유력,3,32000000,14,1
B,협의중,2,87000000,30,1
C,협의중,4,99000000,21,0
D,유력,1,29000000,9,1
A,유력,1,81000000,9,1
B,유력,6,55000000,29,1
C,협의중,1,43000000,33,0
B,유력,4,70000000,28,1
B,초기,3,52000000,19,1
D,유력,6,48000000,3,0
B,초기,2,119000000,26,0
B,협의중,3,60000000,13,0
D,초기,4,42000000,28,0
C,협의중,2,99000000,27,0
A,유력,5,38000000,30,1
C,초기,1,98000000,28,0
C,초기,5,38000000,23,0
A,협의중,6,116000000,12,1
C,유력,1,91000000,27,1
C,유력,6,98000000,25,1
C,초기,2,86000000,18,0
C,협의중,3,102000000,6,0
D,협의중,6,92000000,9,1
D,초기,2,54000000,19,0
A,협의중,3,44000000,28,1
C,협의중,4,98000000,7,1
B,유력,6,75000000,13,1
A,초기,5,98000000,5,1
B,협의중,5,94000000,3,1
C,유력,2,95000000,4,0
B,유력,2,64000000,10,0
A,초기,1,111000000,11,1
B,유력,3,108000000,21,1
C,협의중,4,42000000,19,1
C,유력,3,68000000,9,1
C,협의중,2,110000000,34,0
B,협의중,3,58000000,9,0
B,협의중,3,98000000,7,1
D,유력,3,93000000,29,1
C,협의중,5,63000000,28,1
A,협의중,2,63000000,18,1
C,협의중,3,33000000,3,0
A,협의중,4,90000000,23,0
B,협의중,5,45000000,16,1
B,협의중,6,27000000,29,0
B,유력,2,43000000,6,0
B,유력,4,33000000,10,1
C,협의중,2,91000000,4,0
C,유력,1,77000000,21,1
D,초기,5,85000000,5,0
A,협의중,4,110000000,22,1
C,협의중,5,117000000,23,0
A,초기,4,81000000,10,0
D,초기,2,24000000,3,0
D,유력,6,73000000,17,1
A,유력,3,86000000,3,0
D,초기,1,32000000,6,0
A,협의중,5,119000000,27,1
A,초기,4,33000000,11,1
A,협의중,4,99000000,31,0
B,초기,4,102000000,34,0
B,협의중,2,29000000,19,0
C,협의중,2,102000000,16,0
A,협의중,2,19000000,16,1
B,협의중,3,44000000,35,0
C,협의중,4,101000000,12,0
A,초기,3,67000000,31,0
B,유력,2,26000000,20,1
C,유력,5,100000000,9,1
D,협의중,2,20000000,32,1
A,협의중,4,63000000,19,1
B,협의중,2,37000000,28,1
B,초기,3,65000000,9,1
B,유력,2,55000000,15,1
B,협의중,4,84000000,30,1
A,초기,1,46000000,10,1
A,초기,1,86000000,9,1
D,협의중,4,68000000,28,1
C,유력,3,81000000,16,1
A,협의중,6,94000000,21,0
A,협의중,6,97000000,33,0
D,협의중,2,58000000,7,1
B,협의중,1,103000000,33,0
A,유력,1,39000000,3,1
D,협의중,4,49000000,33,1
C,협의중,3,47000000,35,1
A,초기,3,120000000,24,0
C,유력,3,102000000,34,1
B,유력,3,108000000,24,0
C,유력,5,79000000,10,1
B,협의중,2,70000000,17,0
A,협의중,2,91000000,30,1
C,초기,4,99000000,9,0
D,협의중,4,85000000,14,0
C,유력,4,93000000,29,0
B,초기,5,84000000,24,0
A,유력,5,119000000,25,1
D,협의중,6,36000000,32,0
B,초기,5,103000000,13,0
B,유력,1,76000000,5,1
C,초기,4,57000000,3,0
C,초기,3,35000000,25,0
C,협의중,5,37000000,8,0
A,협의중,4,92000000,8,1
A,유력,2,104000000,27,1
D,초기,3,56000000,22,0
B,유력,5,35000000,15,1
B,초기,3,28000000,22,0
C,협의중,4,118000000,30,1
B,협의중,5,105000000,25,0
B,협의중,4,77000000,4,0
A,유력,1,114000000,11,1
B,초기,5,65000000,11,0
D,유력,1,114000000,28,1
C,협의중,5,76000000,6,1
B,유력,1,60000000,9,0
B,협의중,1,33000000,35,0
A,초기,2,89000000,34,1
D,협의중,2,56000000,22,0
D,유력,5,106000000,15,1
A,협의중,1,84000000,9,1
A,초기,5,74000000,28,1
A,협의중,2,48000000,19,0
C,유력,5,33000000,30,1
A,초기,6,102000000,18,1
C,협의중,4,79000000,21,1
A,협의중,3,103000000,20,1
C,초기,4,72000000,12,1
B,협의중,1,92000000,22,1
C,협의중,4,23000000,25,0
B,협의중,3,19000000,13,1
D,협의중,3,108000000,27,0
A,초기,6,110000000,24,0
D,초기,6,56000000,28,0
C,협의중,4,95000000,14,0
D,유력,5,51000000,11,0
B,협의중,5,97000000,28,1
A,협의중,2,30000000,9,1
C,협의중,2,116000000,18,1
D,협의중,4,114000000,29,0
A,초기,1,113000000,7,0
B,협의중,1,40000000,23,1
B,초기,6,91000000,15,0
B,협의중,2,43000000,13,1
B,유력,1,92000000,4,0
C,초기,2,18000000,26,0
B,유력,3,41000000,34,1
A,유력,5,63000000,25,1
B,초기,1,74000000,30,0
D,협의중,2,118000000,22,1
B,초기,5,60000000,4,0
D,유력,3,67000000,25,1
D,유력,1,86000000,18,0
D,협의중,4,97000000,6,0
D,협의중,3,101000000,4,1
B,초기,1,35000000,16,0
C,유력,6,25000000,18,1
C,협의중,5,107000000,5,0
A,협의중,6,96000000,8,0
B,초기,6,23000000,9,1
B,협의중,4,79000000,22,0
D,초기,1,21000000,15,0
D,협의중,6,20000000,33,1
C,협의중,4,107000000,30,0
A,초기,5,65000000,25,1
B,초기,2,29000000,3,0
C,유력,5,90000000,5,0
A,협의중,1,27000000,6,1
A,초기,3,95000000,18,0
A,협의중,6,33000000,7,1
D,초기,6,112000000,25,0
D,협의중,3,64000000,21,0
A,유력,3,107000000,35,1
B,협의중,5,80000000,20,1
D,유력,5,47000000,22,0
A,협의중,2,22000000,18,1
C,협의중,1,20000000,34,0
B,협의중,3,28000000,6,1
C,협의중,4,67000000,31,1
A,초기,4,86000000,6,0
A,유력,1,95000000,24,0
D,유력,5,45000000,4,0
C,협의중,4,118000000,6,0
B,유력,6,54000000,32,1
C,유력,3,38000000,27,1
D,초기,1,53000000,20,1
A,협의중,3,91000000,28,1
B,초기,3,118000000,3,0
B,협의중,3,40000000,31,1
B,협의중,3,79000000,16,1
B,초기,5,88000000,23,0
B,초기,3,51000000,34,1
C,초기,5,101000000,6,0
C,초기,5,74000000,23,1
C,초기,6,51000000,19,1
C,유력,5,109000000,5,0
B,초기,4,32000000,35,1
A,협의중,6,71000000,7,1
D,초기,3,95000000,26,0
B,협의중,4,55000000,4,1
A,유력,5,21000000,9,1
C,협의중,6,83000000,25,0
B,협의중,6,110000000,12,1
D,초기,1,46000000,35,0
C,협의중,5,111000000,10,0
B,초기,4,102000000,31,0
A,협의중,2,60000000,18,0
D,초기,3,113000000,10,0
B,유력,4,64000000,8,1
B,유력,6,79000000,17,1
B,협의중,2,86000000,18,0
B,협의중,2,95000000,19,0
B,초기,4,71000000,35,0
B,협의중,2,41000000,32,1
A,초기,5,109000000,33,0
A,초기,4,21000000,13,0
A,유력,4,72000000,25,1
C,초기,3,33000000,24,0
D,협의중,5,31000000,5,0
D,유력,4,98000000,31,0
B,유력,6,35000000,14,0
B,유력,5,28000000,12,0
B,협의중,6,76000000,27,1
A,협의중,3,116000000,9,1
B,초기,5,85000000,35,0
B,협의중,3,114000000,14,0
A,유력,6,44000000,30,1
B,협의중,1,62000000,21,1
B,협의중,2,39000000,21,0
B,협의중,1,47000000,20,1
A,유력,2,21000000,5,0
B,유력,1,80000000,4,1
B,유력,4,111000000,31,1
C,초기,1,109000000,10,0
B,초기,2,53000000,10,0
C,협의중,2,111000000,7,1
B,초기,6,112000000,35,0
A,협의중,1,73000000,9,0
C,협의중,5,102000000,5,0
C,초기,5,66000000,17,0
B,초기,2,111000000,34,0
A,유력,5,110000000,16,1
A,협의중,2,108000000,14,1
C,협의중,6,92000000,18,0
B,협의중,2,56000000,17,0
C,협의중,6,68000000,25,0
B,초기,3,71000000,31,0
C,초기,4,58000000,10,0
B,초기,4,80000000,29,0
A,초기,2,118000000,29,1
C,초기,3,70000000,28,0
B,초기,1,52000000,34,0
B,유력,3,75000000,29,1
D,협의중,6,32000000,24,1
B,유력,1,120000000,27,1
C,유력,5,26000000,6,0
B,초기,2,86000000,28,0
A,유력,3,60000000,29,1
C,유력,1,20000000,9,1
C,초기,3,56000000,4,0
C,초기,3,113000000,10,0
B,협의중,6,52000000,8,1
B,협의중,6,71000000,4,1
C,협의중,2,30000000,28,1
C,협의중,3,72000000,35,0
B,협의중,1,51000000,33,1
B,초기,4,89000000,20,0
D,협의중,2,66000000,4,0
C,유력,5,109000000,9,0
B,초기,2,75000000,26,0
A,협의중,2,98000000,8,1
A,유력,4,93000000,18,1
B,유력,5,110000000,17,1
B,협의중,6,61000000,12,1
C,협의중,1,52000000,16,0
C,협의중,3,101000000,18,0
C,협의중,6,111000000,8,0
B,초기,2,114000000,3,0
C,초기,4,32000000,5,0
B,협의중,5,80000000,11,0
B,협의중,3,33000000,30,0
C,유력,3,84000000,23,0
B,협의중,2,55000000,16,0
D,협의중,5,50000000,33,0
D,유력,6,35000000,13,0
C,초기,4,40000000,12,0
D,초기,6,42000000,15,0
B,협의중,1,97000000,32,0
A,협의중,2,62000000,3,0
B,유력,4,92000000,22,1
C,유력,5,87000000,15,1
A,협의중,3,40000000,19,1
A,협의중,6,116000000,27,1
C,협의중,3,112000000,33,1
A,초기,2,29000000,12,1
B,초기,1,24000000,11,0
B,협의중,3,56000000,35,0
A,협의중,4,108000000,33,1
C,협의중,1,95000000,16,0
D,유력,6,36000000,30,0
B,유력,6,33000000,30,0
A,유력,4,116000000,25,1
A,협의중,2,66000000,26,1
C,초기,4,64000000,15,1
B,초기,3,50000000,35,0
C,초기,3,100000000,33,0
D,협의중,3,98000000,6,0
C,유력,4,95000000,32,0
B,유력,5,31000000,5,1
C,협의중,6,112000000,14,0
A,협의중,1,25000000,31,1
A,초기,5,53000000,15,0
C,협의중,6,58000000,13,0
B,유력,5,19000000,28,1
C,초기,2,115000000,35,0
B,초기,1,53000000,15,0
B,협의중,1,57000000,20,1
A,협의중,6,29000000,32,1
D,초기,1,41000000,23,0
D,유력,1,45000000,26,1
D,유력,3,105000000,15,0
C,협의중,4,108000000,21,1
A,협의중,2,42000000,20,0
A,초기,6,74000000,19,1
B,협의중,6,84000000,31,0
C,초기,5,67000000,12,0
A,협의중,3,100000000,21,1
C,협의중,6,119000000,20,1
C,초기,4,51000000,5,0
B,협의중,4,35000000,32,0
B,협의중,5,22000000,23,0
C,유력,1,38000000,29,1
B,유력,2,63000000,22,1
B,유력,4,96000000,32,0
C,협의중,4,49000000,19,0
C,협의중,4,56000000,5,0
D,유력,5,31000000,29,0
B,협의중,5,21000000,13,0
D,유력,6,85000000,15,0
B,초기,6,60000000,6,0
B,유력,3,76000000,28,1
A,초기,2,56000000,22,1
A,초기,1,110000000,18,1
B,유력,1,79000000,13,1
B,협의중,6,45000000,33,0
C,협의중,1,67000000,11,1
D,협의중,3,54000000,30,0
B,협의중,6,112000000,4,0
C,유력,3,64000000,24,1
A,협의중,4,27000000,17,1
A,초기,4,29000000,24,1
A,초기,3,67000000,33,1
D,협의중,2,68000000,9,0
A,협의중,1,101000000,28,0
A,협의중,5,82000000,27,0
A,협의중,6,69000000,30,0
B,초기,6,32000000,31,0
C,협의중,5,64000000,10,0
D,협의중,4,104000000,8,1
B,유력,5,51000000,15,1
C,유력,4,24000000,32,1
A,협의중,3,24000000,26,1
B,초기,1,87000000,20,1
B,초기,3,56000000,5,0
B,초기,6,68000000,18,1
B,초기,2,99000000,34,0
B,유력,6,97000000,18,0
D,유력,5,90000000,32,1
B,초기,5,110000000,9,0
D,초기,6,113000000,22,0
A,유력,3,110000000,8,0
B,초기,2,91000000,19,0
C,협의중,2,106000000,6,0
B,유력,4,53000000,14,1
C,협의중,2,104000000,21,0
B,초기,4,102000000,11,0
B,유력,6,58000000,9,1
A,협의중,1,96000000,21,0
C,협의중,4,99000000,24,0
B,협의중,3,61000000,23,1
B,협의중,6,81000000,16,0
A,협의중,4,22000000,8,1
B,협의중,2,113000000,26,1
C,협의중,4,21000000,12,0
A,협의중,4,71000000,4,0
B,협의중,2,66000000,11,1
D,초기,4,45000000,16,0
B,초기,2,116000000,28,0
B,초기,5,53000000,23,0
C,협의중,6,99000000,23,0
B,초기,4,81000000,32,0
D,초기,2,69000000,21,1
C,유력,6,40000000,9,1
C,유력,4,42000000,4,0
A,협의중,1,94000000,29,0
B,초기,5,98000000,33,0
D,초기,5,119000000,27,0
D,유력,2,76000000,26,0
A,협의중,6,43000000,23,1
A,초기,5,77000000,32,1
C,유력,2,77000000,35,0
C,유력,2,49000000,32,0
A,협의중,6,104000000,29,0
D,유력,1,118000000,29,0
D,협의중,6,117000000,4,0
C,초기,4,110000000,5,0
C,협의중,6,74000000,30,0
A,유력,5,114000000,10,1
B,협의중,2,49000000,33,1
A,협의중,1,76000000,34,0
C,협의중,6,74000000,24,0
C,협의중,5,22000000,11,1
B,초기,3,90000000,26,0
B,협의중,5,99000000,22,0
B,초기,6,106000000,11,1
B,협의중,6,47000000,4,0
B,초기,1,51000000,26,0
C,유력,4,79000000,13,0
C,협의중,5,58000000,26,0
D,협의중,5,79000000,14,0
B,협의중,1,61000000,17,1
A,초기,6,119000000,10,0
B,협의중,6,19000000,17,0
B,초기,6,30000000,24,0
B,유력,6,86000000,8,0
A,협의중,2,49000000,19,0
A,유력,2,47000000,32,1
D,초기,3,29000000,15,0
D,유력,2,84000000,22,1
A,협의중,5,79000000,32,1
D,초기,6,27000000,15,0
B,협의중,1,87000000,16,0
B,초기,4,32000000,31,0
A,유력,5,114000000,32,0
B,협의중,3,81000000,14,1
B,초기,6,56000000,19,0
A,초기,5,82000000,22,0
A,유력,2,80000000,3,1
D,협의중,2,40000000,7,0
C,초기,4,61000000,14,1
A,초기,3,82000000,22,0
B,초기,3,96000000,16,0
A,초기,4,118000000,13,0
C,초기,5,78000000,29,0
B,유력,4,56000000,26,1
B,협의중,6,58000000,31,1
B,유력,1,115000000,28,1
B,협의중,2,76000000,20,1
C,초기,6,50000000,21,0
A,협의중,4,59000000,15,0
C,협의중,3,31000000,7,1
B,협의중,6,93000000,33,0
D,유력,4,106000000,34,1
D,협의중,1,30000000,6,0
B,협의중,3,32000000,33,1
C,협의중,6,70000000,12,0
B,협의중,5,29000000,31,1
B,유력,3,89000000,21,0
A,유력,6,109000000,23,0
B,유력,6,45000000,14,1
A,협의중,2,104000000,19,1
C,초기,1,100000000,29,0
C,유력,5,25000000,35,1
B,유력,5,120000000,23,0
B,협의중,6,26000000,7,0
D,유력,5,38000000,35,0
A,유력,5,101000000,15,1
C,협의중,3,77000000,31,0
D,초기,3,27000000,14,0
B,협의중,6,112000000,30,0
B,초기,5,67000000,4,1
B,초기,2,92000000,23,0
C,초기,5,63000000,12,0
A,협의중,1,21000000,5,0
B,유력,3,58000000,17,1
A,초기,3,47000000,16,0
A,유력,4,33000000,27,1
D,유력,2,66000000,6,0
B,초기,4,93000000,10,1
A,유력,6,84000000,10,1
A,유력,6,95000000,25,0
B,초기,1,120000000,35,0
B,초기,4,20000000,3,0
B,유력,1,63000000,26,0
C,협의중,6,56000000,17,0
A,협의중,4,78000000,4,0
B,협의중,3,23000000,12,0
A,초기,5,37000000,11,0
C,초기,2,112000000,21,0
B,초기,2,40000000,12,0
C,초기,1,118000000,13,1
A,협의중,3,51000000,23,1
A,초기,4,22000000,12,0
A,협의중,5,110000000,13,1
A,유력,1,71000000,7,1
B,유력,5,74000000,11,0
C,초기,4,78000000,19,1
C,협의중,5,103000000,9,0
C,유력,2,34000000,17,1
C,초기,6,28000000,9,0
B,협의중,2,46000000,19,1
C,협의중,4,103000000,20,0
A,협의중,6,36000000,5,0
C,협의중,2,41000000,3,1
A,유력,2,68000000,23,1
B,유력,2,98000000,28,1
A,협의중,5,74000000,10,0
C,협의중,3,61000000,14,1
C,협의중,5,76000000,9,0
B,협의중,1,118000000,26,0
A,협의중,1,47000000,32,0
A,협의중,2,62000000,22,1
B,유력,5,41000000,28,0
D,협의중,2,105000000,17,0
A,협의중,5,94000000,12,0
B,초기,5,64000000,17,0
D,초기,2,30000000,13,0
D,초기,6,37000000,30,0
B,유력,4,55000000,27,0
D,유력,4,59000000,11,0
B,초기,6,89000000,22,0
C,협의중,1,25000000,29,1
B,초기,2,68000000,13,0
B,초기,3,27000000,17,0
B,유력,1,110000000,12,1
A,초기,3,19000000,10,0
B,유력,5,78000000,17,1
B,초기,6,96000000,32,0
D,유력,6,61000000,20,0
A,유력,3,32000000,32,1
A,협의중,4,115000000,21,1
A,유력,5,94000000,26,1
C,협의중,6,73000000,29,1
A,유력,6,111000000,20,0
C,협의중,6,50000000,25,1
A,유력,2,92000000,34,1
B,초기,6,80000000,27,0
D,협의중,1,95000000,9,0
C,유력,5,30000000,10,0
A,협의중,6,95000000,29,0
C,초기,6,118000000,31,0
B,협의중,4,98000000,30,0
A,협의중,1,98000000,24,1
D,유력,6,76000000,19,1
C,협의중,2,53000000,31,0
B,협의중,6,51000000,13,1
C,협의중,3,112000000,28,0
C,초기,4,29000000,24,0
B,유력,2,58000000,22,1
C,협의중,3,97000000,34,0
C,초기,6,80000000,25,0
B,협의중,2,39000000,23,1
A,협의중,5,107000000,21,0
B,협의중,6,27000000,15,1
C,유력,6,69000000,19,1
B,협의중,2,67000000,9,0
C,유력,3,96000000,8,1
A,유력,2,88000000,12,1
B,협의중,6,46000000,18,0
B,유력,2,19000000,21,1
A,협의중,4,71000000,15,1
C,협의중,6,91000000,27,0
C,유력,3,73000000,26,1
D,초기,5,63000000,7,0
A,유력,6,49000000,11,1
D,유력,6,78000000,23,1
C,초기,3,109000000,17,0
B,초기,5,74000000,34,0
A,유력,1,89000000,31,1
A,협의중,6,36000000,7,1
A,협의중,5,50000000,4,0
B,협의중,2,68000000,16,0
B,협의중,3,60000000,17,1
D,유력,2,116000000,23,0
D,초기,3,93000000,10,0
A,초기,4,111000000,13,0
A,협의중,2,41000000,4,0
B,초기,1,30000000,28,0
D,협의중,4,66000000,33,1
B,초기,3,40000000,30,0
B,초기,4,43000000,17,0
C,초기,4,114000000,9,0
A,협의중,5,25000000,26,1
A,유력,1,18000000,23,1
A,유력,5,65000000,7,0
A,협의중,2,86000000,16,0
A,협의중,2,94000000,26,1
D,협의중,2,82000000,12,0
B,협의중,5,119000000,10,0
B,초기,3,105000000,14,0
A,초기,2,95000000,12,0
D,유력,6,88000000,27,0
D,협의중,1,61000000,18,0
A,유력,2,119000000,28,1
A,유력,4,102000000,9,0
A,협의중,5,90000000,28,0
C,초기,2,75000000,15,0
C,협의중,4,28000000,34,1
A,협의중,5,67000000,22,1
C,초기,6,107000000,6,0
A,유력,3,93000000,14,1
C,협의중,1,56000000,27,1
D,초기,6,73000000,35,0
A,협의중,6,23000000,16,1
D,유력,6,58000000,7,0
B,협의중,5,19000000,5,0
A,협의중,3,18000000,18,1
D,협의중,2,67000000,17,0
C,초기,2,94000000,18,0
B,유력,6,91000000,22,1
D,협의중,3,70000000,3,0
B,초기,2,117000000,34,0
A,협의중,1,107000000,31,1
C,초기,1,32000000,13,0
B,초기,3,39000000,19,0
C,협의중,3,86000000,21,0
B,초기,1,68000000,15,0
B,협의중,2,84000000,5,0
A,초기,4,41000000,8,0
C,초기,5,65000000,31,0
B,유력,6,82000000,15,0
C,초기,1,37000000,24,0
B,초기,4,43000000,6,0
A,초기,1,46000000,14,0
B,협의중,1,74000000,7,0
C,초기,2,36000000,23,1
C,협의중,5,20000000,13,0
B,초기,1,105000000,17,1
A,초기,4,116000000,10,0
C,초기,5,27000000,4,0
D,유력,6,67000000,21,0
B,유력,2,105000000,34,0
B,유력,4,79000000,12,1
D,초기,3,99000000,14,0
B,초기,2,65000000,4,0
B,초기,4,108000000,17,0
A,협의중,2,69000000,29,0
B,협의중,4,77000000,26,1
C,초기,5,44000000,18,0
A,초기,6,102000000,26,0
B,유력,4,65000000,22,1
A,초기,6,75000000,22,0
D,유력,4,24000000,15,1
B,초기,4,84000000,30,0
B,협의중,4,90000000,14,1
C,협의중,2,100000000,28,0
C,초기,3,77000000,18,0
A,유력,3,96000000,5,0
C,초기,1,24000000,24,0
B,유력,2,113000000,12,0
B,초기,5,58000000,31,0
C,초기,1,120000000,13,0
A,협의중,5,97000000,29,1
B,협의중,3,106000000,18,0
C,초기,4,30000000,5,0
B,협의중,2,116000000,4,0
D,협의중,4,92000000,14,0
A,협의중,6,90000000,25,0
D,유력,1,40000000,11,0
C,유력,1,119000000,15,0
B,협의중,1,63000000,34,1
D,협의중,2,64000000,19,1
B,협의중,1,80000000,23,0
A,초기,3,51000000,31,0
B,초기,6,76000000,8,0
A,유력,5,19000000,4,1
A,협의중,4,22000000,20,1
B,유력,4,70000000,24,1
B,초기,2,80000000,21,1
D,유력,1,103000000,23,0
D,초기,2,115000000,9,0
A,초기,5,120000000,18,0
D,초기,1,112000000,24,0
C,초기,6,76000000,24,0
A,초기,6,35000000,15,0
D,초기,6,29000000,3,0
C,초기,6,28000000,27,0
B,협의중,2,108000000,34,0
A,초기,6,93000000,6,0
B,초기,2,51000000,12,0
B,초기,1,107000000,7,1
C,유력,2,38000000,28,0
B,협의중,5,99000000,21,1
B,협의중,2,85000000,3,0
D,초기,2,26000000,6,0
B,협의중,5,114000000,30,1
C,협의중,1,113000000,8,1
C,유력,6,105000000,7,0
C,협의중,3,113000000,33,0
B,협의중,5,113000000,15,1
A,협의중,4,77000000,32,1
C,유력,4,77000000,32,1
A,유력,4,21000000,11,1
B,유력,2,69000000,26,1
C,협의중,2,37000000,14,1
A,협의중,3,61000000,15,1
B,협의중,5,53000000,17,1
C,협의중,4,38000000,34,0
A,유력,1,59000000,33,1
A,협의중,4,120000000,16,1
A,협의중,2,61000000,22,1
B,초기,2,85000000,21,0
B,협의중,2,65000000,33,1
B,협의중,2,59000000,17,0
D,협의중,4,118000000,20,0
B,협의중,2,34000000,23,0
B,유력,6,93000000,18,0
A,협의중,1,58000000,35,0
B,초기,3,28000000,34,0
D,유력,6,52000000,7,1
C,유력,3,109000000,12,1
C,협의중,2,99000000,3,0
C,협의중,2,118000000,20,0
B,협의중,5,43000000,15,0
B,초기,6,25000000,15,0
B,초기,4,72000000,3,0
A,초기,1,101000000,29,1
B,유력,2,75000000,27,1
B,유력,1,53000000,32,1
C,협의중,2,93000000,11,1
A,초기,3,88000000,33,0
B,협의중,5,21000000,30,0
B,협의중,1,100000000,21,1
C,초기,5,25000000,11,0
D,초기,1,84000000,13,0
A,유력,3,61000000,8,1
C,협의중,5,25000000,29,0
B,초기,1,44000000,31,1
C,유력,2,48000000,6,0
B,초기,6,46000000,33,1
A,초기,2,35000000,35,1
B,협의중,4,20000000,35,0
B,협의중,6,71000000,7,1
B,초기,5,80000000,3,0
A,유력,5,39000000,28,1
B,유력,6,97000000,21,1
B,협의중,2,114000000,19,1
B,초기,1,101000000,21,0
B,유력,6,83000000,28,1
A,협의중,1,113000000,16,1
B,협의중,6,104000000,16,0
C,협의중,1,100000000,17,0
D,초기,5,21000000,22,1
C,유력,2,81000000,27,0
B,협의중,2,80000000,33,0
B,유력,2,27000000,9,0
D,협의중,1,53000000,3,0
B,협의중,2,30000000,6,1
C,유력,6,65000000,7,1
C,초기,1,33000000,22,1
B,유력,2,33000000,4,0
D,초기,1,29000000,18,0
D,협의중,3,52000000,4,0
B,협의중,2,45000000,7,1
B,초기,4,77000000,29,1
A,유력,6,26000000,20,1
C,초기,3,21000000,20,0
A,협의중,1,101000000,5,0
C,협의중,6,80000000,17,0
C,초기,1,94000000,26,0
B,초기,6,65000000,12,0
C,협의중,5,69000000,26,0
B,초기,6,114000000,34,0
B,유력,1,95000000,19,0
B,협의중,4,75000000,13,0
B,유력,6,36000000,24,1
C,초기,5,35000000,16,0
B,유력,1,82000000,5,0
B,초기,5,103000000,13,0
C,유력,4,32000000,23,0
C,협의중,4,84000000,28,1
B,협의중,1,46000000,32,1
C,유력,6,18000000,35,0
B,유력,6,57000000,18,0
B,초기,6,30000000,15,1
A,초기,2,117000000,7,1
B,초기,3,102000000,28,1
B,협의중,3,44000000,22,1
B,협의중,5,93000000,5,0
D,협의중,3,21000000,19,0
D,협의중,5,116000000,9,0
B,유력,6,80000000,4,1
D,유력,1,78000000,19,1
A,협의중,6,98000000,9,1
C,초기,4,22000000,23,0
C,유력,2,96000000,29,1
C,협의중,6,117000000,4,0
B,협의중,4,53000000,27,0
B,협의중,3,92000000,10,0
B,유력,3,38000000,5,1
B,초기,2,27000000,15,0
A,협의중,6,101000000,14,0
A,초기,3,105000000,34,1
B,협의중,1,30000000,13,1
C,유력,5,21000000,31,0
C,협의중,6,85000000,26,0
A,협의중,3,73000000,30,1
A,유력,6,63000000,33,1
D,유력,2,33000000,4,1
B,협의중,4,102000000,26,0
B,유력,6,41000000,29,1
A,초기,3,35000000,28,1
A,유력,1,85000000,20,1
A,유력,2,58000000,18,1
C,초기,4,79000000,33,0
A,협의중,6,87000000,7,1
A,협의중,1,79000000,35,0
A,초기,6,114000000,29,0
B,초기,3,70000000,6,0
A,협의중,4,21000000,15,1
D,협의중,5,46000000,11,0
D,협의중,4,100000000,13,0
B,협의중,1,73000000,4,1
B,협의중,2,116000000,5,0
B,협의중,3,56000000,23,0
D,협의중,4,67000000,11,0
A,협의중,3,86000000,7,1
B,초기,3,94000000,35,0
D,협의중,2,90000000,15,0
B,유력,5,104000000,29,1
B,협의중,2,116000000,11,0
C,초기,6,64000000,23,0
B,협의중,1,110000000,21,0
A,유력,3,41000000,34,1
B,협의중,5,76000000,24,1
C,초기,4,88000000,28,1
A,유력,4,76000000,20,1
B,초기,4,98000000,34,0
B,협의중,1,35000000,14,1
C,유력,1,26000000,20,1
B,초기,1,113000000,30,0
D,협의중,1,32000000,24,0
C,초기,2,47000000,17,0
B,초기,5,63000000,18,1
B,협의중,2,39000000,27,1
C,유력,1,91000000,20,0
A,초기,4,46000000,18,1
A,초기,2,53000000,9,1
C,협의중,5,67000000,31,1
A,초기,6,74000000,31,1
D,유력,4,20000000,20,1
C,협의중,5,61000000,23,1
B,협의중,4,95000000,16,1
C,협의중,6,105000000,27,1
B,초기,3,69000000,20,1
B,초기,5,78000000,4,0
B,협의중,1,75000000,4,1
B,협의중,4,73000000,31,0
A,초기,2,52000000,26,0
B,초기,2,92000000,15,0
D,협의중,2,29000000,13,1
C,초기,1,85000000,19,0
B,유력,3,41000000,17,1
A,초기,1,97000000,6,0
C,유력,6,40000000,21,0
D,유력,2,20000000,15,0
A,유력,3,118000000,14,1
C,협의중,3,110000000,14,1
D,초기,1,59000000,13,0
B,초기,5,25000000,28,1
A,초기,2,48000000,26,0
B,초기,2,108000000,10,0
A,협의중,1,26000000,27,1
B,협의중,4,104000000,28,0
C,유력,4,100000000,25,0
B,유력,4,114000000,19,1
B,협의중,4,34000000,5,1
B,협의중,3,32000000,29,1
B,초기,4,43000000,4,0
C,유력,4,93000000,11,0
B,초기,1,47000000,31,1
B,협의중,3,44000000,32,1
D,초기,2,99000000,9,0
A,협의중,4,101000000,30,1
B,유력,5,79000000,5,0
D,협의중,3,60000000,15,1
B,초기,1,36000000,20,1
B,협의중,3,21000000,31,1
C,협의중,5,59000000,21,0
C,협의중,4,115000000,34,0
B,협의중,5,111000000,35,1
D,유력,4,60000000,31,0
C,초기,2,29000000,27,0
A,초기,1,35000000,15,1
A,유력,2,72000000,19,0
A,유력,2,22000000,19,1
C,초기,2,104000000,34,0
C,유력,3,96000000,26,0
D,초기,5,88000000,24,0
B,초기,6,109000000,20,0
C,초기,1,73000000,33,0
D,협의중,6,69000000,6,0
B,유력,1,36000000,17,0
A,유력,4,37000000,9,1
B,협의중,4,71000000,24,1
A,협의중,6,26000000,23,0
A,협의중,4,37000000,29,1
A,유력,1,57000000,18,1
D,유력,4,93000000,16,0
C,초기,5,120000000,13,0
B,협의중,1,30000000,8,1
C,초기,4,81000000,8,0
C,협의중,2,24000000,3,0
A,초기,3,104000000,25,0
A,초기,3,60000000,9,1
B,유력,5,18000000,15,0
D,유력,4,31000000,20,0
C,협의중,5,54000000,11,1
C,초기,6,117000000,35,0
C,협의중,1,68000000,24,0
C,유력,3,83000000,22,1
C,협의중,2,119000000,22,0
A,협의중,6,37000000,5,1
B,초기,1,75000000,11,1
A,유력,6,58000000,18,1
B,초기,6,103000000,22,0
A,협의중,1,64000000,13,1
B,초기,3,67000000,14,0
B,유력,6,59000000,31,1
B,유력,4,102000000,23,0
C,유력,2,18000000,13,0
B,협의중,3,36000000,5,0
A,협의중,3,43000000,14,1
C,협의중,6,61000000,26,0
A,유력,5,43000000,16,1
C,유력,6,82000000,20,0
D,유력,5,96000000,15,0
D,유력,4,110000000,21,0
C,초기,3,20000000,29,0
D,초기,4,77000000,17,0
C,초기,3,56000000,5,0
C,협의중,4,51000000,3,0
A,유력,4,48000000,28,1
A,초기,3,86000000,29,1
D,협의중,6,118000000,22,0
C,협의중,5,45000000,21,0
D,유력,4,89000000,24,1
C,초기,4,28000000,24,0
D,초기,2,113000000,19,0
B,초기,2,72000000,16,0
B,유력,3,57000000,7,1
A,초기,1,48000000,7,0
C,유력,2,32000000,31,1
B,유력,5,77000000,35,1
C,초기,1,63000000,8,0
B,초기,3,110000000,4,0
C,유력,1,26000000,13,1
A,유력,5,42000000,33,0
C,협의중,3,67000000,30,1
B,유력,2,39000000,15,1
B,협의중,6,26000000,17,0
D,유력,5,116000000,32,0
C,초기,1,22000000,31,0
B,초기,6,65000000,24,0
C,유력,4,28000000,11,0
B,협의중,1,93000000,11,1
B,협의중,3,33000000,5,0
C,초기,5,72000000,21,1
A,유력,6,35000000,19,1
D,초기,4,27000000,26,0
B,초기,1,21000000,21,0
C,유력,5,95000000,9,1
A,초기,3,58000000,10,1
A,유력,2,24000000,20,1
C,유력,1,109000000,22,0
C,초기,4,114000000,5,0
D,초기,3,52000000,6,0
A,유력,1,31000000,33,1
C,협의중,1,51000000,13,0
B,유력,1,60000000,13,1
D,협의중,1,98000000,4,0
C,초기,6,105000000,35,0
B,협의중,3,91000000,15,0
A,협의중,5,103000000,27,1
B,협의중,4,93000000,29,0
B,초기,1,108000000,29,0
C,초기,1,69000000,15,0
C,협의중,6,92000000,10,0
A,협의중,2,49000000,5,0
C,초기,2,53000000,10,0
C,협의중,6,19000000,29,1
A,초기,6,100000000,10,0
B,협의중,6,84000000,20,0
A,협의중,2,67000000,25,1
C,유력,2,80000000,34,0
B,초기,4,77000000,13,1
D,초기,4,85000000,21,0
A,초기,3,53000000,14,1
A,유력,5,26000000,32,1
C,협의중,6,53000000,33,0
B,협의중,4,35000000,4,0
C,협의중,5,83000000,12,1
C,협의중,6,30000000,20,0
B,협의중,4,20000000,7,0
D,초기,3,50000000,18,0
C,협의중,5,91000000,14,0
D,초기,1,59000000,29,0
A,초기,1,111000000,22,0
B,협의중,3,93000000,15,0
C,유력,5,90000000,25,1
B,초기,2,59000000,5,0
B,유력,5,60000000,34,1
D,초기,1,31000000,11,0
D,초기,4,86000000,7,0
D,협의중,6,35000000,17,0
A,초기,3,19000000,29,1
B,협의중,4,44000000,8,1
A,초기,3,119000000,18,1
C,협의중,6,114000000,3,0
B,유력,4,60000000,9,1
B,유력,3,18000000,30,0
D,유력,5,107000000,13,1
A,협의중,1,103000000,20,1
C,초기,1,111000000,14,0
A,초기,4,25000000,31,1
A,초기,6,44000000,26,0
D,초기,6,73000000,12,0
C,초기,4,18000000,13,0
B,협의중,4,31000000,8,0
A,초기,1,73000000,17,0
A,협의중,6,89000000,24,0
A,유력,5,102000000,16,0
B,협의중,4,53000000,23,1
A,협의중,1,43000000,28,1
C,협의중,1,92000000,10,0
A,초기,6,107000000,10,0
B,협의중,6,112000000,11,1
A,유력,2,48000000,6,1
C,유력,2,86000000,8,1
B,초기,3,88000000,11,0
A,협의중,2,35000000,17,1
A,초기,4,27000000,30,0
B,협의중,3,76000000,13,0
D,협의중,1,115000000,3,0
C,협의중,6,21000000,8,1
C,유력,5,28000000,8,0
B,유력,4,118000000,26,1
C,유력,1,110000000,12,0
B,협의중,5,100000000,21,0
B,초기,2,94000000,33,0
B,유력,2,40000000,21,1
C,협의중,4,23000000,35,0
A,협의중,1,102000000,19,0
B,협의중,1,64000000,20,1
B,협의중,2,70000000,12,0
B,유력,3,102000000,6,1
C,유력,4,111000000,5,0
A,협의중,4,44000000,18,1
D,협의중,5,63000000,4,0
C,유력,5,41000000,11,1
B,초기,1,68000000,19,0
A,협의중,5,112000000,3,1
C,유력,6,40000000,33,1
D,협의중,4,109000000,15,0
A,초기,2,104000000,7,1
B,협의중,6,39000000,22,1
A,초기,4,114000000,11,1
C,협의중,2,31000000,22,0
B,협의중,1,67000000,21,0
C,초기,3,114000000,21,0
A,협의중,2,110000000,26,1
C,초기,6,20000000,8,0
B,유력,3,83000000,35,0
A,초기,1,65000000,18,1
B,초기,3,60000000,11,0
C,초기,6,61000000,5,0
C,유력,3,48000000,16,0
A,유력,3,42000000,19,1
D,초기,6,46000000,12,0
A,협의중,4,85000000,32,0
C,협의중,5,43000000,18,0
C,초기,2,35000000,28,0
D,초기,4,22000000,7,0
D,협의중,5,81000000,23,0
A,유력,4,117000000,3,1
A,유력,1,93000000,9,1
B,협의중,5,85000000,3,0
B,협의중,6,81000000,19,0
C,협의중,6,71000000,3,0
C,협의중,5,119000000,25,1
A,협의중,1,33000000,21,1
B,초기,5,79000000,24,0
B,유력,4,42000000,13,0
A,초기,5,82000000,12,1
B,협의중,4,27000000,8,1
A,협의중,6,55000000,11,1
B,협의중,3,98000000,4,0
B,협의중,4,72000000,30,0
C,협의중,1,32000000,11,1
C,유력,2,25000000,16,1
B,협의중,1,67000000,12,0
A,유력,2,30000000,14,1
B,협의중,1,73000000,35,0
B,초기,6,80000000,30,0
C,초기,2,85000000,19,0
D,초기,3,88000000,3,0
D,유력,3,56000000,18,1
C,협의중,5,35000000,29,1
A,협의중,6,33000000,6,1
B,협의중,1,95000000,6,0
D,협의중,1,120000000,21,0
A,초기,4,50000000,13,1
B,협의중,6,71000000,27,0
C,유력,6,95000000,32,1
B,초기,3,92000000,27,0
B,초기,5,31000000,21,1
B,협의중,5,119000000,15,0
D,초기,2,55000000,12,0
B,협의중,1,70000000,4,0
B,협의중,1,76000000,29,0
A,협의중,6,45000000,22,1
D,초기,5,46000000,23,0
C,협의중,2,84000000,11,0
B,초기,3,18000000,25,0
D,초기,2,106000000,30,0
B,유력,2,69000000,25,1
A,협의중,1,118000000,27,1
B,협의중,2,19000000,33,0
A,유력,2,116000000,15,1
B,협의중,1,50000000,15,0
B,초기,5,119000000,22,0
B,유력,1,39000000,33,0
A,협의중,5,73000000,28,0
B,유력,1,115000000,27,1
A,협의중,5,60000000,4,1
A,협의중,5,100000000,20,1
C,초기,6,59000000,6,0
C,유력,5,43000000,31,0
C,초기,3,46000000,20,0
D,협의중,5,54000000,28,1
C,협의중,2,110000000,28,0
B,초기,2,62000000,4,0
A,유력,6,98000000,33,0
D,유력,5,107000000,7,0
B,협의중,5,104000000,19,1
A,초기,2,29000000,11,0
B,협의중,2,43000000,25,0
B,협의중,1,77000000,3,1
D,유력,6,31000000,8,0
A,초기,4,48000000,35,0
B,협의중,5,91000000,25,0
A,협의중,6,87000000,21,1
B,협의중,2,92000000,23,1
D,초기,1,30000000,30,0
D,초기,2,105000000,19,0
B,협의중,2,77000000,34,0
A,초기,1,38000000,8,0
D,협의중,2,31000000,15,1
D,협의중,5,87000000,24,0
B,협의중,5,74000000,17,0
D,초기,5,49000000,10,0
A,협의중,3,70000000,4,1
B,협의중,6,20000000,34,0
B,협의중,4,69000000,10,1
C,협의중,4,48000000,28,0
C,유력,1,64000000,3,1
A,협의중,2,41000000,17,1
B,초기,4,104000000,26,1
B,유력,1,105000000,19,1
A,초기,6,116000000,14,1
B,협의중,4,76000000,5,0
B,협의중,2,73000000,21,0
D,유력,2,22000000,24,0
D,협의중,2,102000000,30,0
B,협의중,5,55000000,11,1
C,유력,5,83000000,7,0
B,협의중,5,82000000,32,0
C,초기,6,74000000,8,0
A,유력,4,75000000,27,1
B,유력,2,21000000,31,1
C,유력,1,110000000,32,0
B,협의중,2,97000000,30,0
C,초기,2,58000000,15,0
C,유력,5,58000000,3,0
A,협의중,2,65000000,6,0
D,협의중,3,114000000,27,0
C,협의중,5,22000000,4,0
A,유력,2,117000000,24,0
B,초기,5,68000000,32,0
A,협의중,5,55000000,14,1
C,초기,5,112000000,20,0
C,초기,2,87000000,9,0
A,초기,6,59000000,14,0
B,유력,4,40000000,24,1
D,초기,5,46000000,17,0
C,협의중,1,46000000,35,1
C,협의중,1,100000000,34,0
D,유력,5,59000000,4,0
C,유력,3,51000000,17,1
B,협의중,6,83000000,7,0
A,협의중,4,39000000,6,1
C,협의중,2,52000000,5,1
B,협의중,1,59000000,21,1
B,협의중,1,45000000,14,1
D,유력,4,111000000,9,1
B,유력,1,20000000,20,0
A,유력,1,54000000,8,1
B,협의중,5,85000000,10,0
B,협의중,5,111000000,11,0
A,협의중,2,83000000,25,1
D,유력,5,117000000,30,0
D,유력,5,82000000,29,0
B,협의중,3,39000000,11,1
B,협의중,6,103000000,20,0
B,협의중,3,119000000,23,0
C,초기,5,34000000,22,0
D,유력,6,72000000,24,1
D,초기,1,23000000,12,0
B,초기,6,47000000,7,0
A,유력,1,120000000,23,0
A,초기,3,79000000,5,0
C,협의중,6,41000000,9,1
B,협의중,5,67000000,27,0
D,협의중,4,106000000,17,0
D,유력,6,55000000,29,1
A,협의중,5,112000000,13,0
B,유력,1,85000000,16,0
A,협의중,1,112000000,11,1
A,초기,2,100000000,3,0
C,초기,6,19000000,8,0
B,협의중,2,109000000,32,1
B,유력,4,84000000,8,0
A,초기,3,79000000,32,1
C,협의중,6,52000000,33,1
A,협의중,1,59000000,12,1
B,유력,6,112000000,32,1
C,초기,1,68000000,6,0
A,협의중,1,100000000,33,1
B,초기,4,118000000,16,0
C,유력,1,59000000,14,1
B,협의중,5,45000000,29,0
D,협의중,3,102000000,7,0
A,협의중,2,39000000,23,1
C,초기,5,87000000,16,0
D,초기,1,80000000,32,0
D,초기,4,55000000,18,0
B,초기,3,91000000,34,0
C,초기,4,95000000,31,1
B,협의중,2,25000000,24,1
D,협의중,5,81000000,10,0
C,유력,2,92000000,18,1
A,협의중,1,35000000,26,1
C,유력,5,42000000,14,1
A,유력,4,95000000,32,1
B,협의중,3,105000000,16,0
C,유력,6,83000000,25,1
C,협의중,1,120000000,5,0
B,협의중,4,100000000,8,0
D,협의중,1,76000000,7,1
D,유력,6,91000000,8,1
A,협의중,6,93000000,25,0
A,초기,3,101000000,35,1
C,초기,1,91000000,29,0
A,협의중,4,29000000,10,1
A,초기,2,32000000,16,1
D,유력,4,70000000,32,0
A,초기,6,104000000,8,1
B,초기,2,23000000,10,0
A,초기,3,102000000,31,0
A,협의중,6,45000000,5,1
A,협의중,2,86000000,3,0
B,유력,3,117000000,9,1
C,초기,1,54000000,4,0
C,협의중,2,61000000,3,0
B,초기,5,54000000,27,1
C,협의중,6,64000000,25,0
C,초기,6,112000000,3,0
A,협의중,5,62000000,11,0
B,유력,1,47000000,32,1
B,협의중,3,88000000,23,0
B,유력,2,45000000,4,1
A,협의중,2,21000000,12,0
D,협의중,3,96000000,13,0
B,초기,2,94000000,6,0
C,초기,4,93000000,4,0
A,유력,5,101000000,9,1
B,유력,6,98000000,3,1
C,초기,2,25000000,10,1
B,유력,4,90000000,31,1
D,협의중,1,65000000,31,0
C,협의중,3,72000000,14,0
B,유력,2,50000000,32,1
A,협의중,1,120000000,35,1
A,유력,6,119000000,29,1
A,협의중,1,80000000,13,1
A,초기,1,111000000,26,0
A,초기,6,31000000,24,0
B,초기,1,70000000,31,1
A,협의중,3,28000000,6,0
B,유력,3,80000000,22,1
B,초기,2,21000000,4,0
A,협의중,5,104000000,25,1
C,협의중,4,21000000,16,1
A,초기,6,120000000,15,0
A,유력,4,50000000,30,0
B,초기,3,92000000,7,0
C,협의중,4,20000000,5,1
B,협의중,1,57000000,24,0
A,초기,1,24000000,31,0
C,초기,3,22000000,4,0
B,초기,5,26000000,20,0
B,협의중,6,26000000,23,0
A,협의중,5,22000000,22,0
B,협의중,4,118000000,34,0
C,초기,5,74000000,10,0
B,협의중,3,31000000,29,0
D,초기,4,54000000,6,0
B,초기,2,115000000,23,0
A,협의중,5,103000000,21,0
D,유력,4,19000000,7,0
D,초기,4,102000000,11,1
B,협의중,5,39000000,9,1
A,초기,6,102000000,4,0
C,초기,5,120000000,8,0
C,유력,5,83000000,35,0
C,협의중,2,32000000,8,0
D,협의중,5,82000000,21,0
B,유력,1,87000000,28,0
B,초기,1,75000000,25,0
C,초기,4,82000000,26,0
A,초기,1,51000000,5,0
B,협의중,2,42000000,27,0
B,협의중,6,103000000,8,0
B,협의중,5,52000000,13,0
B,유력,2,77000000,28,1
D,유력,4,103000000,6,0
B,초기,1,51000000,8,0
B,협의중,1,81000000,18,1
B,유력,6,88000000,17,1
B,초기,4,92000000,28,0
C,유력,4,107000000,21,0
B,협의중,6,51000000,30,1
B,협의중,1,74000000,3,1
B,협의중,2,63000000,18,0
B,협의중,2,18000000,35,0
D,유력,3,86000000,28,0
B,협의중,4,35000000,19,1
A,유력,5,74000000,7,1
C,초기,3,27000000,16,0
A,유력,6,49000000,25,1
D,협의중,2,44000000,29,1
A,협의중,1,61000000,14,0
A,초기,5,83000000,9,0
C,협의중,2,64000000,20,0
B,초기,5,30000000,30,0
A,초기,3,53000000,4,0
B,유력,4,114000000,33,0
D,초기,5,34000000,19,0
B,협의중,1,87000000,3,0
B,협의중,1,52000000,8,1
B,유력,1,118000000,17,0
C,유력,6,66000000,19,1
C,협의중,2,107000000,28,0
B,협의중,5,66000000,22,0
D,협의중,5,51000000,23,0
A,초기,2,110000000,14,1
C,협의중,3,49000000,27,0
A,초기,4,28000000,30,0
A,유력,5,114000000,28,1
B,협의중,6,100000000,11,1
B,협의중,5,25000000,27,0
A,협의중,6,91000000,22,0
B,유력,3,40000000,6,1
B,협의중,3,118000000,30,0
B,협의중,4,51000000,13,1
C,협의중,4,64000000,34,0
B,유력,5,75000000,22,0
D,초기,5,95000000,4,0
A,유력,3,120000000,28,0
C,유력,2,116000000,29,1
B,초기,6,60000000,25,0
A,협의중,6,72000000,13,0
A,초기,2,115000000,31,0
D,협의중,4,57000000,28,1
B,초기,1,31000000,8,1
C,초기,3,82000000,19,0
B,협의중,1,18000000,3,1
B,유력,4,109000000,34,0
A,유력,2,91000000,25,1
C,초기,3,75000000,11,0
B,초기,2,99000000,30,1
C,유력,1,44000000,19,1
C,협의중,2,73000000,25,0
C,유력,5,24000000,32,0
D,협의중,3,51000000,35,1
A,협의중,6,114000000,17,1
D,협의중,3,24000000,5,0
B,협의중,3,54000000,32,1
A,초기,1,32000000,11,0
A,협의중,4,54000000,34,0
C,유력,1,75000000,31,0
B,초기,6,55000000,13,0
A,유력,5,86000000,27,0
C,유력,3,109000000,3,0
A,유력,5,118000000,27,0
C,초기,6,99000000,15,1
C,유력,2,59000000,35,0
B,유력,3,47000000,22,1
D,유력,6,112000000,9,0
C,협의중,4,82000000,21,0
A,협의중,2,53000000,19,1
C,협의중,3,72000000,6,0
A,협의중,3,106000000,7,1
C,협의중,5,31000000,3,0
C,유력,6,103000000,23,1
B,초기,4,82000000,35,0
D,협의중,5,90000000,30,0
B,유력,6,94000000,6,1
D,협의중,6,35000000,33,1
C,협의중,3,66000000,17,1
A,협의중,5,87000000,27,0
A,초기,2,89000000,17,0
A,초기,5,119000000,9,1
A,협의중,5,81000000,4,0
C,유력,5,44000000,14,1
B,초기,5,89000000,16,0
A,유력,1,41000000,17,1
A,초기,5,67000000,32,0
A,유력,5,98000000,33,0
A,협의중,3,42000000,26,1
A,초기,6,48000000,21,0
C,협의중,1,93000000,35,0
C,초기,5,100000000,11,0
B,유력,5,58000000,9,1
A,유력,1,76000000,28,0
A,유력,3,60000000,27,1
A,초기,6,23000000,30,0
D,협의중,3,29000000,7,1
C,유력,3,29000000,8,0
D,유력,3,18000000,31,0
A,협의중,5,52000000,33,1
C,협의중,5,115000000,15,0
B,초기,2,66000000,28,1
C,유력,5,47000000,30,0
B,협의중,1,78000000,34,0
A,초기,5,72000000,14,1
C,협의중,4,20000000,18,1
D,초기,6,115000000,25,0
D,협의중,5,41000000,27,1
D,협의중,1,115000000,26,0
D,유력,3,60000000,35,1
D,협의중,4,55000000,8,0
A,초기,5,41000000,7,1
C,유력,5,36000000,20,1
C,협의중,2,73000000,20,1
A,유력,3,83000000,7,1
C,유력,3,110000000,26,1
A,유력,3,105000000,21,1
C,초기,4,117000000,35,0
C,초기,3,81000000,3,0
A,협의중,1,98000000,28,1
C,협의중,3,24000000,32,1
C,초기,4,40000000,35,0
B,협의중,6,118000000,20,1
A,협의중,5,41000000,13,1
C,초기,2,71000000,7,0
D,유력,3,18000000,33,1
C,유력,6,107000000,6,1
B,유력,5,40000000,32,0
A,유력,1,58000000,14,1
C,초기,3,47000000,31,1
B,초기,1,77000000,7,0
B,협의중,1,79000000,19,0
C,협의중,5,91000000,22,0
B,초기,6,36000000,32,0
B,초기,4,62000000,11,0
B,협의중,1,70000000,8,0
C,협의중,2,78000000,15,0
C,초기,6,117000000,7,1
B,초기,5,102000000,28,0
A,협의중,3,45000000,26,1
B,유력,2,61000000,12,1
A,유력,5,73000000,5,0
B,협의중,2,109000000,19,0
D,협의중,5,56000000,14,0
A,유력,6,56000000,28,0
B,협의중,1,75000000,31,0
C,협의중,4,97000000,24,0
B,협의중,2,90000000,14,0
A,초기,3,116000000,23,1
B,협의중,6,21000000,9,0
A,초기,1,77000000,35,0
A,유력,1,36000000,24,1
C,협의중,4,24000000,14,1
A,협의중,3,47000000,23,0
D,협의중,1,105000000,14,0
D,협의중,2,74000000,23,0
D,협의중,1,19000000,13,0
C,협의중,1,28000000,23,1
A,협의중,2,62000000,19,1
D,협의중,4,54000000,5,0
B,유력,6,42000000,11,1
B,유력,6,113000000,26,0
D,협의중,1,24000000,3,0
B,협의중,2,56000000,3,1
D,초기,3,62000000,11,0
D,협의중,5,96000000,21,0
B,협의중,1,46000000,24,0
C,초기,5,63000000,25,0
A,협의중,5,61000000,12,1
B,초기,4,80000000,3,0
B,협의중,5,25000000,7,0
C,협의중,1,117000000,18,0
B,협의중,2,109000000,16,0
B,초기,5,107000000,26,0
A,협의중,4,66000000,13,1
A,초기,3,19000000,7,1
D,협의중,2,68000000,14,1
B,초기,5,25000000,14,0
B,유력,2,119000000,17,1
D,초기,6,118000000,5,0
C,유력,6,23000000,25,1
C,유력,5,70000000,35,1
A,유력,1,29000000,27,1
A,초기,1,54000000,24,0
D,협의중,5,89000000,31,0
B,초기,2,93000000,30,0
B,초기,2,71000000,14,0
D,초기,3,63000000,14,1
B,협의중,1,106000000,11,1
B,초기,3,38000000,17,0
B,초기,4,107000000,13,1
C,협의중,2,26000000,25,0
B,초기,5,80000000,3,0
B,협의중,1,82000000,30,1
B,협의중,1,111000000,23,0
B,유력,2,108000000,9,1
B,협의중,3,48000000,33,0
C,협의중,2,26000000,27,0
A,유력,4,40000000,35,1
D,협의중,1,102000000,9,0
A,협의중,4,38000000,3,1
B,협의중,5,34000000,17,1
D,초기,1,53000000,20,0
B,초기,2,113000000,10,1
D,유력,5,95000000,15,0
C,협의중,6,19000000,11,1
A,초기,6,107000000,12,1
A,협의중,4,63000000,11,1
A,협의중,2,23000000,11,1
B,유력,4,50000000,28,1
C,유력,3,109000000,17,0
B,협의중,4,92000000,9,0
A,유력,6,20000000,13,0
A,협의중,6,113000000,7,1
B,협의중,2,92000000,16,1
C,초기,6,87000000,20,0
B,초기,5,28000000,15,0
B,초기,1,64000000,28,0
B,유력,4,76000000,5,1
C,유력,1,91000000,35,0
B,초기,5,54000000,19,0
A,유력,4,43000000,22,1
A,초기,4,62000000,3,1
C,초기,2,34000000,13,0
B,유력,1,55000000,12,1
C,협의중,6,61000000,23,1
A,협의중,5,99000000,5,0
B,유력,6,97000000,9,0
D,초기,2,110000000,22,0
C,협의중,5,105000000,27,0
A,협의중,2,35000000,21,0
D,초기,3,103000000,6,0
A,초기,2,22000000,18,1
C,협의중,6,85000000,34,0
B,협의중,3,77000000,27,0
B,초기,3,119000000,32,0
C,협의중,3,110000000,24,0
B,초기,3,90000000,33,0
B,협의중,6,94000000,35,0
C,협의중,3,34000000,8,1
B,초기,6,19000000,24,0
D,유력,3,83000000,8,0
A,협의중,2,59000000,26,1
B,유력,2,32000000,18,1
D,초기,2,65000000,10,0
B,유력,3,24000000,19,1
B,초기,2,71000000,10,1
B,협의중,6,25000000,31,0
A,유력,2,31000000,4,1
C,협의중,4,85000000,25,0
A,초기,3,111000000,31,1
D,초기,2,44000000,26,0
C,협의중,2,73000000,35,0
B,유력,6,104000000,34,1
B,협의중,2,100000000,4,0
B,협의중,6,36000000,17,0
B,초기,4,69000000,23,0
A,초기,3,25000000,5,0
C,협의중,2,74000000,7,1
D,협의중,5,102000000,5,1
D,협의중,6,40000000,11,1
A,협의중,2,33000000,30,1
B,유력,6,119000000,10,0
A,협의중,6,106000000,8,1
A,초기,1,43000000,27,0
B,초기,4,40000000,4,0
A,협의중,4,118000000,18,1
C,유력,3,102000000,16,0
A,초기,6,116000000,31,1
C,유력,5,95000000,14,1
B,협의중,6,118000000,17,0
A,초기,4,29000000,35,1
A,협의중,1,88000000,32,1
A,협의중,1,115000000,35,0
C,초기,1,30000000,3,0
A,초기,6,88000000,17,0
B,협의중,2,108000000,8,0
B,유력,6,73000000,19,1
B,협의중,2,59000000,31,0
A,초기,2,106000000,12,1
A,협의중,1,99000000,9,0
B,유력,3,89000000,12,0
C,협의중,2,40000000,25,0
B,유력,5,61000000,16,1
A,협의중,6,119000000,33,0
A,유력,1,86000000,6,1
C,협의중,1,48000000,3,0
B,유력,3,116000000,10,0
B,초기,6,27000000,17,0
A,협의중,5,118000000,21,0
A,유력,4,102000000,26,1
B,초기,4,23000000,26,0
B,유력,6,102000000,7,1
B,협의중,1,27000000,24,1
B,협의중,6,29000000,27,0
A,협의중,5,81000000,25,0
A,유력,2,20000000,19,1
D,협의중,1,97000000,34,1
C,초기,3,27000000,15,0
C,협의중,5,69000000,32,0
C,협의중,5,84000000,33,0
A,협의중,4,47000000,8,0
D,초기,4,101000000,27,0
A,유력,6,91000000,33,1
B,초기,6,44000000,22,1
C,협의중,4,60000000,22,1
D,협의중,5,99000000,24,0
A,초기,1,93000000,7,1
A,협의중,4,52000000,21,1
B,유력,4,18000000,6,1
B,협의중,4,57000000,22,0
C,협의중,3,91000000,31,0
D,유력,1,71000000,15,1
B,협의중,1,50000000,24,1
B,협의중,6,46000000,33,1
B,협의중,3,90000000,30,0
D,협의중,1,99000000,25,1
C,초기,2,24000000,26,0
C,초기,3,32000000,13,0
B,협의중,4,56000000,18,0
D,협의중,5,97000000,24,0
B,초기,6,73000000,18,0
B,초기,3,113000000,17,0
B,초기,3,96000000,10,0
D,협의중,5,49000000,19,0
B,초기,3,70000000,19,1
C,유력,6,89000000,13,1
A,협의중,4,34000000,33,0
A,협의중,5,100000000,20,1
A,유력,5,75000000,11,1
A,유력,1,79000000,23,1
D,협의중,3,98000000,29,0
B,협의중,2,22000000,18,1
B,협의중,3,66000000,7,1
C,협의중,1,36000000,25,1
C,초기,4,60000000,28,0
B,협의중,2,60000000,24,0
C,유력,5,73000000,8,0
C,유력,3,108000000,26,0
A,협의중,4,67000000,17,1
A,협의중,3,24000000,16,1
A,유력,2,103000000,11,1
A,협의중,3,41000000,19,1
C,초기,2,102000000,31,0
B,협의중,6,120000000,28,0
B,초기,5,119000000,23,0
D,협의중,3,66000000,6,0
C,초기,6,80000000,31,0
A,초기,1,56000000,16,0
A,초기,3,24000000,13,1
B,유력,4,68000000,24,1
C,협의중,2,43000000,15,1
D,협의중,2,19000000,11,1
B,협의중,1,45000000,16,0
A,초기,3,70000000,32,0
C,초기,4,118000000,32,0
C,협의중,4,36000000,33,0
B,유력,2,113000000,6,1
C,초기,1,40000000,17,0
B,초기,4,39000000,18,1
B,유력,2,23000000,11,1
B,유력,5,112000000,4,1
C,유력,6,120000000,11,1
D,초기,6,70000000,19,0
B,협의중,1,78000000,34,1
B,초기,5,41000000,19,1
B,협의중,5,74000000,12,0
B,초기,5,26000000,14,1
B,유력,5,118000000,24,1
C,초기,3,82000000,12,0
B,협의중,4,91000000,7,0
A,초기,1,33000000,32,0
A,협의중,6,88000000,29,0
C,초기,1,76000000,6,0
B,협의중,6,46000000,12,1
B,협의중,3,106000000,25,1
B,유력,1,81000000,9,1
A,협의중,4,113000000,19,1
B,초기,1,64000000,21,1
A,초기,6,59000000,19,0
C,유력,2,42000000,3,0
C,초기,3,55000000,22,0
D,초기,5,84000000,34,0
B,협의중,3,77000000,4,0
A,협의중,6,66000000,35,0
A,유력,3,42000000,31,1
C,유력,4,72000000,16,1
D,협의중,4,47000000,20,1
D,협의중,2,38000000,25,0
A,초기,4,62000000,8,1
C,초기,3,91000000,13,0
B,초기,4,45000000,5,0
B,유력,6,92000000,28,1
A,협의중,2,100000000,29,1
C,초기,2,23000000,30,0
B,초기,5,21000000,24,1
A,초기,6,86000000,5,1
B,유력,2,108000000,13,1
C,초기,2,30000000,14,0
B,초기,6,32000000,26,0
D,협의중,5,81000000,28,0
A,유력,1,85000000,23,1
B,협의중,3,114000000,11,0
C,초기,4,40000000,35,0
B,협의중,4,49000000,23,0
C,유력,6,69000000,21,0
B,협의중,6,33000000,30,0
A,협의중,1,96000000,12,0
B,초기,1,42000000,14,1
C,초기,2,96000000,19,0
C,초기,6,80000000,35,0
B,유력,1,29000000,33,0
B,유력,4,93000000,20,1
B,협의중,5,107000000,15,1
B,초기,4,72000000,29,1
C,초기,1,25000000,3,0
A,초기,3,42000000,28,1
A,협의중,1,59000000,14,1
D,유력,5,108000000,3,0
B,초기,4,96000000,13,0
B,협의중,1,75000000,28,1
B,유력,4,49000000,17,1
B,유력,5,96000000,27,0
D,초기,4,70000000,8,0
C,유력,5,114000000,28,1
B,초기,5,57000000,9,1
A,초기,5,119000000,13,1
A,협의중,1,104000000,35,0
A,유력,4,112000000,7,1
B,유력,6,107000000,4,0
D,협의중,1,101000000,5,0
C,협의중,5,39000000,3,0
D,협의중,6,52000000,18,0
C,협의중,4,70000000,10,0
B,초기,5,71000000,18,0
B,협의중,2,112000000,4,0
C,초기,4,66000000,26,0
C,협의중,2,96000000,25,0
A,협의중,2,57000000,35,1
D,초기,3,46000000,20,0
C,초기,4,112000000,22,0
B,협의중,4,52000000,33,1
C,협의중,3,26000000,31,0
B,초기,1,88000000,32,0
C,초기,3,105000000,21,0
A,협의중,5,120000000,35,0
A,협의중,3,76000000,24,1
C,협의중,5,31000000,27,1
B,초기,3,58000000,3,0
A,협의중,4,19000000,23,0
A,유력,1,38000000,28,1
B,협의중,3,88000000,6,1
B,초기,3,63000000,9,0
A,유력,5,89000000,15,0
C,협의중,3,103000000,18,0
C,초기,6,31000000,25,0
D,초기,4,118000000,26,0
A,초기,6,62000000,27,0
B,협의중,5,63000000,16,1
D,협의중,3,30000000,19,0
A,협의중,5,103000000,21,1
B,협의중,4,110000000,4,0
B,초기,6,120000000,5,1
C,초기,3,106000000,10,1
B,초기,3,34000000,5,0
B,협의중,4,89000000,28,0
B,협의중,1,66000000,12,0
A,협의중,3,96000000,30,0
A,유력,2,41000000,14,1
A,초기,6,100000000,21,0
A,협의중,4,67000000,22,1
C,협의중,5,46000000,30,0
A,유력,2,86000000,17,1
B,초기,2,54000000,24,0
A,초기,5,25000000,3,0
B,협의중,1,26000000,33,1
C,초기,4,81000000,13,0
B,협의중,6,49000000,25,0
C,협의중,3,39000000,14,0
B,협의중,3,35000000,23,1
A,협의중,4,65000000,8,1
A,유력,5,99000000,6,1
B,초기,4,57000000,20,0
C,협의중,3,116000000,12,1
D,협의중,6,55000000,10,0
C,초기,5,56000000,32,0
B,유력,2,22000000,24,1
B,초기,2,33000000,16,0
D,초기,2,48000000,14,0
A,협의중,5,40000000,7,1
A,협의중,2,19000000,21,0
B,협의중,1,58000000,14,1
C,협의중,6,45000000,23,0
B,유력,5,24000000,9,1
D,협의중,6,79000000,15,0
D,협의중,6,79000000,31,0
D,협의중,4,93000000,7,0
A,유력,2,93000000,19,0
C,협의중,3,24000000,4,0
A,협의중,5,61000000,33,1
A,유력,6,108000000,24,1
C,협의중,4,102000000,21,0
A,초기,3,112000000,35,0
B,유력,6,96000000,32,0
B,협의중,3,117000000,34,1
C,협의중,5,34000000,10,0
A,초기,4,113000000,32,0
C,유력,6,27000000,11,1
B,협의중,4,28000000,32,1
B,협의중,3,51000000,24,0
C,유력,2,72000000,34,0
A,유력,5,31000000,8,1
A,초기,5,82000000,24,0
C,초기,1,91000000,18,0
D,유력,1,53000000,24,0
D,초기,5,102000000,13,0
B,협의중,3,58000000,12,1
B,협의중,2,46000000,26,1
C,협의중,5,86000000,4,0
B,협의중,6,58000000,15,1
B,협의중,1,33000000,18,0
A,초기,5,34000000,33,1
C,협의중,1,49000000,30,1
A,협의중,5,120000000,9,0
C,초기,3,25000000,11,0
C,초기,1,61000000,34,0
C,초기,4,28000000,16,0
B,협의중,5,49000000,16,1
C,초기,1,98000000,24,0
D,유력,4,29000000,26,0
B,협의중,1,101000000,24,0
C,초기,4,90000000,14,0
C,초기,4,55000000,18,0
C,초기,2,83000000,18,0
A,초기,2,87000000,29,0
C,협의중,3,49000000,21,1
A,유력,3,26000000,29,1
D,협의중,6,77000000,23,0
A,협의중,6,56000000,29,0
A,협의중,1,22000000,15,1
B,초기,2,19000000,19,1
B,협의중,5,31000000,19,0
C,협의중,5,114000000,17,0
C,유력,5,70000000,5,0
B,협의중,6,95000000,3,0
A,협의중,3,96000000,35,1
B,협의중,3,32000000,18,0
C,협의중,4,35000000,34,1
B,초기,6,72000000,10,0
C,유력,3,117000000,5,1
D,협의중,5,26000000,35,0
B,협의중,6,63000000,35,1
A,협의중,4,75000000,3,0
A,협의중,5,19000000,10,0
B,협의중,6,71000000,4,1
A,초기,3,118000000,13,0
D,초기,2,47000000,8,0
C,협의중,4,35000000,3,0
B,초기,6,106000000,34,0
C,초기,5,45000000,13,0
D,초기,5,100000000,7,0
B,협의중,1,99000000,12,1
B,유력,1,93000000,33,1
B,초기,5,70000000,16,1
B,유력,3,119000000,12,1
A,유력,6,100000000,16,1
A,협의중,5,24000000,5,1
B,협의중,6,66000000,16,1
A,협의중,4,106000000,13,1
D,유력,1,94000000,24,0
A,유력,4,110000000,11,1
B,협의중,5,92000000,4,1
B,협의중,1,25000000,9,1
A,유력,5,19000000,4,0
A,협의중,2,114000000,5,0
A,초기,2,87000000,27,0
C,협의중,1,101000000,27,0
A,초기,3,58000000,20,0
C,유력,1,90000000,13,1
D,초기,1,76000000,19,0
B,유력,2,46000000,22,1
C,유력,2,64000000,12,1
B,초기,2,45000000,20,0
A,협의중,6,111000000,4,0
B,유력,4,41000000,27,1
A,초기,6,98000000,25,0
A,초기,4,28000000,32,0
B,협의중,6,35000000,20,0
C,협의중,5,62000000,10,0
A,초기,6,32000000,23,0
B,유력,1,39000000,30,1
B,유력,3,111000000,29,1
B,유력,5,104000000,29,1
B,유력,1,82000000,20,1
B,협의중,2,74000000,8,0
A,초기,3,97000000,11,1
B,초기,5,112000000,15,0
D,협의중,2,118000000,23,0
B,초기,4,52000000,31,0
A,초기,2,91000000,29,1
B,초기,1,39000000,7,0
A,협의중,6,113000000,12,0
B,협의중,2,115000000,16,1
A,협의중,4,49000000,21,0
D,협의중,5,32000000,3,1
B,유력,5,29000000,10,1
B,초기,5,29000000,27,0
C,초기,2,35000000,34,0
B,유력,6,86000000,32,0
C,협의중,5,119000000,24,0
D,유력,5,72000000,33,0
B,초기,1,94000000,35,0
A,협의중,1,110000000,18,0
A,초기,1,58000000,8,0
B,협의중,3,60000000,35,1
B,유력,2,20000000,15,1
C,협의중,1,64000000,16,1
A,협의중,1,75000000,23,1
B,협의중,3,92000000,20,0
B,초기,1,30000000,6,0
B,협의중,1,35000000,8,0
A,초기,2,83000000,31,0
C,유력,2,68000000,12,1
B,유력,4,51000000,23,0
B,유력,3,99000000,15,1
A,유력,3,76000000,4,1
A,협의중,5,35000000,24,1
A,협의중,1,98000000,14,0
D,협의중,1,54000000,28,1
A,협의중,2,46000000,6,1
B,초기,2,89000000,18,0
B,초기,6,113000000,14,0
D,협의중,6,72000000,7,0
A,협의중,3,86000000,26,1
C,협의중,3,46000000,19,1
C,유력,3,101000000,14,0
D,협의중,2,99000000,22,0
D,초기,1,60000000,18,1
B,협의중,6,44000000,22,0
A,초기,5,71000000,8,0
B,초기,3,114000000,9,0
A,협의중,2,68000000,31,0
B,유력,6,67000000,25,0
C,유력,2,53000000,7,0
C,협의중,4,87000000,31,0
C,유력,3,78000000,32,0
C,협의중,6,44000000,26,1
B,유력,5,56000000,35,1
D,유력,2,48000000,23,0
C,협의중,3,110000000,29,0
C,협의중,1,37000000,8,1
C,유력,5,112000000,25,1
B,유력,1,69000000,20,1
C,초기,1,30000000,34,0
B,초기,2,77000000,18,1
C,초기,2,61000000,21,0
D,유력,6,26000000,20,0
B,초기,4,69000000,19,0
A,유력,1,23000000,14,1
C,협의중,2,102000000,20,1
C,초기,1,33000000,28,1
C,유력,4,18000000,18,1
A,협의중,5,67000000,6,0
A,초기,6,43000000,9,0
B,협의중,5,24000000,8,1
B,유력,2,56000000,33,0
A,유력,4,113000000,9,1
B,협의중,4,23000000,9,0
C,유력,2,115000000,25,0
C,유력,1,110000000,35,1
B,초기,6,77000000,24,0
D,협의중,1,44000000,31,0
B,초기,1,20000000,33,0
B,협의중,4,84000000,3,0
C,협의중,1,109000000,17,0
D,초기,1,88000000,35,0
C,유력,2,34000000,15,1
D,협의중,4,50000000,33,0
A,초기,3,47000000,5,0
B,유력,1,41000000,21,1
C,협의중,3,118000000,25,0
D,초기,2,101000000,19,0
B,유력,2,45000000,28,0
A,유력,4,92000000,5,0
B,협의중,4,88000000,25,0
B,협의중,1,67000000,31,0
B,협의중,6,33000000,18,0
D,유력,6,113000000,12,1
A,초기,4,56000000,12,1
A,유력,2,43000000,26,1
D,유력,5,116000000,19,0
A,유력,6,113000000,10,1
D,협의중,3,87000000,21,0
A,초기,1,112000000,30,0
C,유력,3,47000000,5,1
B,초기,4,110000000,26,0
C,유력,6,55000000,28,0
A,협의중,5,60000000,17,1
A,초기,1,33000000,20,0
B,유력,2,80000000,35,0
B,협의중,1,58000000,33,1
B,협의중,1,35000000,7,0
D,협의중,1,35000000,17,0
C,협의중,1,61000000,26,1
B,유력,1,115000000,32,1
C,초기,3,118000000,21,0
C,유력,3,72000000,32,1
A,초기,1,21000000,32,1
C,협의중,3,67000000,19,0
B,유력,2,79000000,6,1
B,협의중,2,85000000,4,0
D,초기,1,56000000,35,0
C,협의중,4,24000000,13,0
B,유력,4,105000000,28,0
D,초기,5,56000000,5,0
B,초기,4,101000000,27,0
A,유력,6,44000000,24,1
B,유력,4,71000000,11,1
A,유력,4,110000000,35,0
C,협의중,6,106000000,4,0
B,유력,4,93000000,17,1
C,유력,2,51000000,3,1
A,협의중,5,116000000,12,1
B,협의중,3,94000000,31,0
B,초기,2,105000000,23,0
A,협의중,5,77000000,34,0
B,초기,1,93000000,4,0
C,초기,2,79000000,16,0
C,초기,6,44000000,14,1
A,유력,2,79000000,9,1
A,협의중,3,101000000,34,1
A,협의중,4,39000000,6,0
A,유력,3,32000000,21,1
B,협의중,2,22000000,26,1
A,협의중,5,19000000,16,1
C,초기,2,113000000,29,0
D,유력,1,30000000,20,1
B,협의중,1,25000000,30,0
D,협의중,1,45000000,8,0
A,유력,1,61000000,3,0
B,초기,2,70000000,32,1
D,협의중,2,32000000,31,1
B,협의중,2,89000000,3,0
D,초기,4,114000000,23,0
A,협의중,6,96000000,23,1
C,협의중,2,34000000,32,0
D,협의중,5,29000000,13,0
A,협의중,3,101000000,6,1
C,유력,1,34000000,30,0
B,협의중,2,76000000,13,1
B,유력,5,80000000,19,1
C,협의중,4,110000000,3,0
B,협의중,1,71000000,34,0
C,유력,1,39000000,5,0
C,유력,5,39000000,5,1
C,유력,3,48000000,5,1
B,유력,5,46000000,14,0
B,초기,2,40000000,3,0
A,초기,2,65000000,24,1
D,초기,6,46000000,24,0
C,협의중,1,46000000,28,0
C,유력,3,106000000,16,0
C,초기,2,55000000,18,0
A,협의중,1,86000000,4,1
C,협의중,6,47000000,10,1
D,초기,3,29000000,13,0
A,유력,5,68000000,23,0
C,협의중,1,33000000,12,1
B,초기,4,76000000,22,0
B,초기,1,67000000,14,0
D,협의중,5,44000000,31,0
D,초기,2,41000000,28,0
C,초기,3,47000000,28,1
B,유력,4,58000000,12,1
B,유력,3,67000000,9,0
A,초기,5,72000000,10,1
C,초기,5,93000000,13,0
D,유력,3,35000000,20,1
A,초기,3,106000000,17,0
B,협의중,3,44000000,11,1
C,초기,6,24000000,31,0
B,협의중,3,77000000,11,1
C,유력,2,29000000,35,1
C,초기,6,59000000,10,0
C,유력,3,116000000,33,0
B,협의중,5,43000000,16,0
C,협의중,5,73000000,25,1
D,유력,2,61000000,32,0
C,유력,3,25000000,24,0
C,협의중,5,85000000,15,0
B,유력,3,107000000,30,0
B,협의중,2,20000000,35,1
B,협의중,2,64000000,22,0
D,협의중,3,112000000,26,1
B,초기,2,40000000,14,0
A,초기,2,63000000,28,1
D,초기,2,88000000,29,0
C,유력,6,19000000,8,0
A,초기,3,29000000,21,0
A,초기,1,95000000,29,0
C,협의중,2,70000000,28,1
D,유력,1,92000000,26,0
A,협의중,3,100000000,5,1
A,초기,6,115000000,8,0
A,유력,5,97000000,14,1
B,협의중,1,93000000,17,1
A,초기,1,85000000,12,0
C,협의중,3,69000000,10,0
C,유력,1,78000000,30,0
B,초기,5,109000000,25,1
B,초기,2,43000000,20,0
B,협의중,2,46000000,10,1
D,초기,4,32000000,3,0
C,초기,6,29000000,30,0
D,협의중,4,62000000,20,0
B,유력,2,76000000,14,1
C,협의중,3,79000000,29,0
C,협의중,6,44000000,19,0
A,유력,3,72000000,7,1
D,초기,5,74000000,4,0
C,협의중,5,90000000,15,1
C,초기,2,54000000,17,0
B,초기,4,39000000,17,1
B,협의중,2,82000000,27,0
B,유력,1,39000000,25,0
C,협의중,2,66000000,11,1
B,초기,4,40000000,15,0
C,초기,6,19000000,3,0
A,유력,6,58000000,33,1
B,초기,6,53000000,18,0
B,초기,1,92000000,17,0
A,협의중,1,57000000,34,0
C,협의중,3,46000000,32,0
D,초기,2,76000000,6,0
B,협의중,4,101000000,25,0
B,협의중,4,34000000,27,0
B,유력,1,65000000,22,0
A,협의중,5,113000000,5,0
A,협의중,6,39000000,10,1
B,협의중,6,76000000,27,1
D,협의중,4,22000000,24,0
A,초기,3,72000000,35,1
A,협의중,4,103000000,16,1
B,협의중,1,88000000,11,1
A,협의중,4,91000000,20,0
C,유력,4,83000000,35,0
A,유력,6,94000000,5,1
C,협의중,2,56000000,13,0
C,유력,5,114000000,33,0
A,유력,6,59000000,4,0
C,협의중,2,33000000,32,1
C,협의중,6,115000000,7,0
B,협의중,1,70000000,28,1
C,유력,4,115000000,13,0
D,유력,1,78000000,15,0
B,초기,5,96000000,8,0
B,협의중,2,80000000,10,1
B,협의중,2,116000000,17,1
B,유력,1,86000000,30,0
B,초기,4,93000000,21,0
A,협의중,5,105000000,18,0
A,유력,3,56000000,4,1
B,협의중,4,75000000,4,0
B,초기,3,86000000,31,0
B,유력,5,38000000,20,1
D,협의중,3,102000000,18,0
C,유력,6,104000000,7,0
B,협의중,5,18000000,27,0
D,초기,2,104000000,10,0
C,협의중,1,31000000,27,0
B,유력,6,102000000,12,0
C,초기,1,43000000,31,0
A,초기,5,37000000,29,0
A,유력,2,21000000,35,1
A,협의중,1,76000000,13,1
B,협의중,4,88000000,14,0
C,유력,5,59000000,4,0
A,초기,5,102000000,24,0
A,협의중,6,53000000,8,1
B,협의중,5,105000000,10,0
D,협의중,1,39000000,33,0
A,협의중,5,35000000,4,1
A,초기,2,71000000,15,0
D,초기,2,59000000,27,0
A,초기,5,105000000,34,0
A,초기,6,55000000,12,1
C,협의중,4,94000000,4,0
D,초기,2,76000000,26,0
A,유력,5,75000000,28,0
D,초기,5,66000000,31,1
D,초기,4,58000000,11,0
D,협의중,3,63000000,17,0
B,협의중,1,107000000,31,0
C,초기,1,49000000,28,0
B,유력,5,87000000,12,1
D,협의중,4,49000000,26,0
C,협의중,2,34000000,17,1
B,유력,5,117000000,29,1
A,협의중,3,90000000,34,0
D,협의중,2,35000000,6,0
A,협의중,2,39000000,29,1
A,협의중,4,27000000,32,0
B,협의중,2,62000000,27,0
B,유력,5,102000000,12,1
C,유력,6,88000000,18,1
C,협의중,4,89000000,35,0
B,협의중,3,117000000,30,1
A,초기,2,24000000,19,0
C,초기,2,95000000,15,0
B,초기,2,69000000,3,1
D,초기,1,101000000,32,0
A,협의중,6,26000000,22,0
C,유력,3,111000000,7,1
A,초기,5,81000000,23,1
C,협의중,2,22000000,30,0
C,협의중,2,113000000,11,1
A,협의중,6,101000000,12,1
A,협의중,2,21000000,34,0
B,유력,1,97000000,19,1
C,초기,5,117000000,5,0
D,협의중,2,18000000,8,0
B,협의중,1,75000000,29,1
D,협의중,3,79000000,12,0
C,협의중,3,18000000,22,1
D,협의중,1,108000000,13,0
D,협의중,4,102000000,23,0
A,초기,4,81000000,15,0
A,유력,3,25000000,17,1
C,유력,2,23000000,12,0
C,협의중,5,94000000,7,0
B,초기,4,23000000,15,1
A,초기,3,53000000,31,1
C,유력,4,73000000,4,0
D,협의중,2,117000000,17,0
A,유력,1,106000000,33,1
A,유력,1,118000000,33,1
D,협의중,3,29000000,33,0
D,초기,5,93000000,25,0
B,초기,3,22000000,7,0
B,초기,3,87000000,8,0
C,협의중,4,51000000,20,0
C,협의중,2,95000000,10,0
A,협의중,4,18000000,6,1
B,유력,1,109000000,22,1
B,협의중,1,115000000,18,0
C,협의중,2,28000000,4,0
B,협의중,2,116000000,5,1
B,유력,5,69000000,20,1
C,초기,4,86000000,3,0
B,협의중,3,29000000,27,1
B,협의중,2,110000000,18,1
B,초기,2,95000000,32,0
D,협의중,5,24000000,30,0
B,유력,5,79000000,5,0
A,협의중,1,94000000,8,1
C,협의중,3,46000000,8,1
C,유력,4,66000000,9,1
B,협의중,5,24000000,24,1
B,초기,1,32000000,28,1
D,유력,6,38000000,12,1
A,유력,6,18000000,33,1
B,협의중,3,79000000,6,0
C,협의중,2,99000000,15,1
C,초기,6,27000000,24,0
B,협의중,4,120000000,27,0
A,협의중,2,59000000,27,0
B,유력,2,113000000,27,1
B,초기,3,80000000,31,1
D,협의중,1,60000000,6,0
A,협의중,4,19000000,26,1
C,유력,1,100000000,30,1
A,협의중,1,19000000,16,1
B,유력,1,112000000,18,1
A,초기,5,51000000,24,1
A,유력,3,90000000,32,1
B,유력,5,101000000,14,0
A,협의중,5,73000000,5,1
D,협의중,4,55000000,23,0
B,협의중,2,23000000,23,1
B,협의중,6,54000000,24,1
A,협의중,6,89000000,10,0
B,협의중,3,85000000,16,1
C,초기,3,68000000,28,0
A,유력,3,37000000,10,1
B,협의중,4,66000000,3,1
C,초기,4,35000000,22,0
A,초기,4,99000000,12,0
D,협의중,2,43000000,25,0
A,협의중,1,27000000,26,0
C,초기,2,104000000,8,0
C,협의중,1,62000000,31,0
B,초기,3,27000000,16,1
B,협의중,3,25000000,27,0
C,협의중,1,105000000,23,0
D,협의중,1,58000000,32,1
D,초기,6,85000000,28,0
C,협의중,6,69000000,16,0
B,초기,2,42000000,23,0
B,협의중,5,76000000,28,0
A,협의중,1,116000000,14,0
D,협의중,4,120000000,8,0
A,초기,6,30000000,14,1
C,협의중,2,45000000,15,0
A,협의중,6,79000000,16,0
A,협의중,4,55000000,19,1
D,유력,3,48000000,13,0
D,유력,4,66000000,14,1
B,유력,5,108000000,13,1
B,협의중,2,23000000,11,1
A,협의중,3,106000000,3,1
C,초기,2,84000000,20,0
A,초기,6,27000000,12,0
A,협의중,3,59000000,8,1
B,협의중,4,25000000,31,1
B,협의중,1,43000000,17,1
A,유력,3,49000000,16,1
A,유력,6,110000000,12,0
B,협의중,2,44000000,7,1
C,협의중,1,68000000,28,0
C,초기,4,18000000,16,0
A,협의중,1,60000000,23,1
B,협의중,6,54000000,8,0
A,협의중,6,56000000,6,1
B,초기,6,73000000,33,0
B,초기,4,71000000,11,0
D,유력,4,38000000,3,0
A,협의중,5,102000000,25,0
C,유력,3,70000000,7,1
B,협의중,4,100000000,16,1
D,유력,6,116000000,34,0
C,협의중,5,119000000,7,0
D,협의중,1,93000000,23,0
A,초기,6,120000000,16,1
B,유력,3,45000000,11,1
A,협의중,4,30000000,11,1
C,협의중,5,101000000,7,0
D,협의중,3,89000000,24,0
A,협의중,2,105000000,31,1
C,유력,2,35000000,15,0
D,협의중,3,81000000,22,0
D,협의중,3,68000000,32,0
C,초기,5,117000000,35,0
D,초기,4,85000000,33,0
C,유력,3,26000000,27,1
B,초기,6,43000000,19,0
B,협의중,6,91000000,20,0
C,협의중,4,105000000,31,0
B,유력,2,104000000,18,0
D,유력,4,37000000,15,1
A,유력,1,91000000,12,1
B,초기,1,71000000,23,0
B,협의중,5,70000000,20,1
C,협의중,4,59000000,23,0
B,협의중,1,40000000,19,1
B,초기,4,85000000,31,0
C,협의중,5,34000000,21,0
B,협의중,3,50000000,23,1
A,초기,3,51000000,7,0
B,협의중,3,18000000,12,0
C,초기,4,86000000,30,1
C,유력,4,23000000,7,1
D,협의중,1,97000000,22,0
B,유력,5,100000000,29,1
A,협의중,6,24000000,17,1
C,유력,6,26000000,16,1
B,협의중,4,99000000,7,0
B,협의중,5,80000000,11,0
B,초기,3,32000000,16,0
C,협의중,3,58000000,5,0
B,유력,6,80000000,22,0
D,초기,3,81000000,17,0
C,유력,5,98000000,5,1
D,초기,6,96000000,19,0
C,유력,1,120000000,17,0
B,협의중,2,60000000,20,1
D,협의중,3,37000000,5,0
B,협의중,4,78000000,21,0
B,협의중,1,102000000,22,1
D,협의중,6,84000000,13,0
B,유력,2,95000000,23,0
B,협의중,5,53000000,9,0
A,협의중,2,39000000,30,1
C,협의중,4,109000000,20,1
B,협의중,5,44000000,9,0
B,협의중,4,69000000,14,0
A,유력,6,29000000,26,1
C,유력,1,77000000,35,1
C,유력,3,61000000,22,1
B,유력,4,37000000,18,1
C,초기,4,33000000,31,0
D,초기,2,39000000,17,0
C,초기,6,119000000,30,0
B,유력,5,98000000,31,1
D,초기,4,75000000,23,0
A,유력,4,81000000,23,1
B,초기,5,87000000,5,0
C,협의중,1,63000000,7,1
C,협의중,3,65000000,35,0
C,협의중,2,69000000,16,0
B,협의중,2,85000000,4,0
D,협의중,4,28000000,12,1
B,초기,1,98000000,4,0
B,초기,5,30000000,12,0
C,협의중,6,67000000,9,0
A,유력,6,80000000,3,0
B,유력,5,22000000,10,1
B,초기,2,93000000,12,0
C,초기,3,108000000,35,0
C,협의중,5,76000000,5,0
B,협의중,3,76000000,35,0
D,유력,2,42000000,24,1
B,유력,4,48000000,9,1
C,협의중,2,30000000,23,1
C,협의중,3,74000000,5,0
C,협의중,5,95000000,17,0
C,초기,1,57000000,26,0
B,초기,1,57000000,7,1
B,초기,6,31000000,12,0
D,유력,1,43000000,28,0
B,협의중,4,117000000,7,0
B,협의중,4,97000000,31,0
D,초기,6,56000000,20,0
B,초기,4,91000000,21,1
C,초기,4,110000000,30,0
C,초기,2,35000000,23,0
C,협의중,2,33000000,25,0
B,협의중,2,94000000,12,0
A,협의중,5,117000000,16,0
A,유력,3,89000000,26,0
C,협의중,2,47000000,14,1
B,유력,3,26000000,25,1
B,초기,4,120000000,27,1
B,초기,3,119000000,27,0
C,협의중,6,33000000,25,0
B,협의중,6,28000000,34,1
D,유력,1,72000000,7,1
B,유력,2,27000000,35,1
B,협의중,6,54000000,9,1
C,유력,6,79000000,27,0
A,협의중,5,44000000,34,0
B,협의중,2,93000000,11,0
B,협의중,2,43000000,4,0
B,유력,3,113000000,4,0
C,협의중,2,32000000,15,1
B,초기,6,66000000,29,0
D,초기,3,113000000,28,0
B,유력,1,35000000,11,1
C,초기,5,93000000,5,0
D,협의중,4,88000000,17,0
B,협의중,1,30000000,33,0
C,협의중,6,56000000,20,0
A,초기,5,39000000,16,1
D,초기,3,68000000,26,0
B,유력,4,24000000,10,1
A,유력,4,45000000,7,1
C,협의중,6,66000000,24,0
C,협의중,4,105000000,31,0
D,유력,3,95000000,5,1
D,유력,5,59000000,3,0
C,협의중,1,111000000,16,0
C,초기,3,105000000,19,0
B,초기,5,86000000,17,0
B,유력,2,26000000,19,0
B,협의중,6,28000000,26,0
B,유력,2,63000000,8,1
C,협의중,5,84000000,32,0
B,초기,6,19000000,21,1
B,초기,4,101000000,30,0
B,초기,5,120000000,26,0
A,협의중,5,79000000,18,1
A,초기,1,26000000,19,1
B,협의중,6,31000000,3,0
B,협의중,1,23000000,28,0
B,협의중,3,115000000,32,0
B,협의중,1,36000000,30,0
C,초기,6,27000000,26,0
A,협의중,1,69000000,5,1
A,초기,5,73000000,24,0
C,협의중,6,20000000,23,0
A,초기,1,30000000,21,0
A,협의중,1,31000000,23,1
B,협의중,2,20000000,9,0
B,유력,2,112000000,12,1
D,초기,1,58000000,17,0
B,초기,2,24000000,26,0
C,초기,6,112000000,5,0
A,초기,5,57000000,16,1
A,초기,2,64000000,14,1
D,초기,2,38000000,18,0
B,유력,4,104000000,21,1
A,초기,4,56000000,22,0
B,초기,3,92000000,35,0
A,초기,1,111000000,25,1
C,협의중,4,98000000,18,1
B,협의중,3,40000000,33,0
B,유력,1,60000000,14,0
D,협의중,3,90000000,7,0
C,협의중,2,65000000,18,0
B,협의중,4,71000000,22,1
B,유력,2,49000000,28,0
C,초기,4,117000000,20,0
B,협의중,6,47000000,24,1
B,협의중,4,34000000,24,0
A,초기,6,114000000,27,0
B,초기,3,78000000,8,1
B,협의중,4,43000000,17,1
A,협의중,4,88000000,24,1
B,협의중,1,70000000,9,1
B,초기,4,93000000,18,0
C,유력,6,27000000,29,1
D,협의중,5,28000000,9,0
C,협의중,6,77000000,8,1
A,유력,4,34000000,27,1
C,유력,1,30000000,20,1
B,협의중,5,109000000,4,0
A,협의중,5,44000000,10,1
A,초기,2,93000000,22,0
B,초기,6,53000000,12,0
D,협의중,4,107000000,21,0
B,유력,2,94000000,9,1
C,협의중,5,98000000,22,1
B,협의중,5,103000000,8,0
A,협의중,6,67000000,21,1
A,협의중,6,21000000,29,0
B,초기,2,94000000,10,1
D,초기,3,118000000,4,0
C,초기,5,52000000,5,0
A,초기,3,52000000,16,1
C,유력,6,120000000,16,0
B,유력,3,23000000,19,1
A,초기,4,81000000,16,1
D,유력,1,31000000,28,1
B,협의중,5,102000000,8,0
A,협의중,2,22000000,12,1
C,협의중,4,33000000,28,0
D,협의중,1,97000000,5,0
A,유력,2,51000000,35,1
D,협의중,3,37000000,6,0
A,협의중,6,79000000,9,1
D,협의중,2,87000000,27,1
B,협의중,6,29000000,34,1
D,유력,1,92000000,22,0
C,유력,3,77000000,3,1
D,협의중,6,29000000,21,1
A,협의중,6,56000000,23,1
B,협의중,5,45000000,30,0
B,협의중,3,72000000,15,0
A,유력,1,22000000,34,1
D,협의중,4,33000000,21,1
C,초기,3,24000000,7,0
A,협의중,3,24000000,29,1
B,협의중,4,26000000,29,0
C,협의중,3,40000000,34,0
D,초기,6,64000000,21,0
C,유력,4,92000000,20,0
D,협의중,4,95000000,21,0
D,협의중,1,21000000,26,1
D,협의중,3,73000000,31,0
C,협의중,3,64000000,35,1
A,유력,4,99000000,8,1
B,초기,6,64000000,28,0
B,유력,4,20000000,5,1
D,협의중,3,32000000,17,1
C,협의중,4,41000000,19,1
C,협의중,1,18000000,3,0
D,협의중,5,94000000,6,0
D,유력,1,80000000,11,1
A,협의중,2,82000000,10,1
D,협의중,2,47000000,12,0
A,협의중,3,19000000,20,1
D,협의중,3,95000000,22,1
B,초기,5,52000000,31,0
A,협의중,1,108000000,10,0
B,초기,3,42000000,23,0
D,유력,2,116000000,11,0
A,유력,3,33000000,26,0
B,초기,4,85000000,18,1
D,초기,1,21000000,22,0
B,유력,3,49000000,22,1
B,유력,5,115000000,9,0
B,협의중,4,120000000,32,1
D,초기,1,40000000,8,0
C,유력,2,20000000,27,1
B,유력,5,100000000,4,0
A,협의중,1,103000000,12,1
C,협의중,6,74000000,19,0
D,유력,4,94000000,3,0
B,협의중,3,81000000,26,0
B,유력,5,115000000,20,1
D,초기,4,95000000,30,0
A,초기,2,84000000,30,1
A,초기,3,71000000,32,1
B,초기,4,23000000,8,0
A,협의중,2,71000000,7,1
D,초기,3,46000000,4,0
A,협의중,5,96000000,13,0
C,초기,3,76000000,34,0
A,유력,1,86000000,21,1
A,초기,3,40000000,16,1
A,초기,1,76000000,11,1
C,협의중,4,94000000,9,0
B,협의중,5,21000000,27,1
B,유력,1,38000000,20,1
B,초기,2,46000000,12,0
B,협의중,3,41000000,17,0
B,협의중,2,85000000,27,1
B,유력,2,95000000,30,1
D,협의중,5,29000000,31,1
B,유력,5,35000000,11,1
A,협의중,2,33000000,25,1
B,유력,4,95000000,16,1
D,초기,2,34000000,25,0
D,초기,2,93000000,13,0
B,유력,3,18000000,14,1
B,협의중,1,31000000,18,0
A,협의중,4,95000000,34,1
A,초기,1,41000000,24,1
B,초기,3,66000000,20,0
A,협의중,3,94000000,22,1
B,유력,2,47000000,3,1
C,협의중,2,35000000,17,1
B,협의중,4,118000000,7,1
B,협의중,3,49000000,31,1
C,협의중,3,43000000,9,0
C,유력,4,71000000,30,1
B,협의중,6,115000000,29,1
A,협의중,5,29000000,23,1
A,협의중,6,97000000,6,1
A,협의중,4,79000000,31,1
C,협의중,4,44000000,24,1
A,협의중,1,87000000,25,0
A,초기,6,84000000,21,0
B,초기,4,28000000,8,1
A,협의중,1,23000000,4,0
A,유력,2,90000000,12,0
C,초기,2,51000000,30,0
C,협의중,4,66000000,16,1
B,유력,6,51000000,9,1
B,유력,4,70000000,24,1
D,협의중,2,85000000,11,1
A,초기,1,67000000,25,1
B,초기,4,74000000,17,0
B,유력,4,41000000,20,1
B,유력,2,80000000,26,1
B,유력,5,78000000,29,1
B,초기,4,38000000,13,1
C,초기,3,33000000,4,0
C,협의중,4,92000000,11,0
B,협의중,3,32000000,12,0
A,협의중,2,114000000,31,0
C,초기,2,112000000,23,0
C,협의중,2,50000000,20,0
A,협의중,3,73000000,26,0
A,유력,3,81000000,32,1
D,유력,6,103000000,3,0
B,협의중,5,77000000,11,1
D,초기,6,24000000,32,1
A,협의중,2,29000000,21,1
C,유력,2,117000000,18,1
C,유력,6,25000000,20,1
C,협의중,4,116000000,31,1
A,협의중,6,35000000,30,1
A,유력,2,21000000,6,0
C,협의중,5,52000000,11,0
B,유력,5,44000000,16,0
A,유력,6,91000000,27,1
C,초기,6,87000000,28,0
C,초기,2,66000000,3,0
C,초기,3,73000000,11,1
D,유력,3,90000000,6,1
A,초기,3,115000000,8,0
D,협의중,6,18000000,7,1
B,협의중,4,62000000,6,0
A,유력,6,83000000,5,1
C,초기,1,52000000,18,1
B,유력,3,27000000,16,0
A,협의중,1,53000000,35,1
B,협의중,3,82000000,6,1
C,초기,4,84000000,23,0
B,협의중,4,88000000,19,1
D,협의중,2,77000000,9,0
C,협의중,6,108000000,16,0
A,초기,3,84000000,27,0
C,유력,1,28000000,33,0
B,협의중,6,109000000,15,0
A,초기,1,110000000,23,0
B,유력,2,65000000,15,1
C,초기,3,72000000,23,0
A,협의중,3,48000000,18,1
B,유력,2,54000000,13,1
C,초기,6,79000000,24,0
A,협의중,3,72000000,30,1
C,초기,2,18000000,12,0
B,초기,4,40000000,33,0
B,협의중,6,46000000,19,1
C,유력,6,25000000,13,1
D,협의중,3,72000000,9,0
A,협의중,2,18000000,33,1
C,초기,4,115000000,17,0
C,초기,4,119000000,33,0
D,유력,1,33000000,35,1
B,협의중,4,101000000,35,0
A,유력,1,19000000,31,0
A,초기,2,109000000,20,1
B,초기,2,104000000,6,0
C,유력,6,102000000,31,0
A,협의중,6,72000000,10,1
B,협의중,4,64000000,30,1
B,유력,4,55000000,5,0
C,협의중,2,42000000,21,0
A,협의중,3,37000000,13,0
C,유력,6,66000000,26,1
B,초기,6,41000000,11,0
B,유력,2,97000000,3,1
B,초기,6,49000000,29,1
A,협의중,6,93000000,10,1
D,초기,6,30000000,5,0
C,유력,4,19000000,4,0
A,협의중,5,109000000,16,0
C,유력,5,76000000,16,1
B,협의중,2,63000000,34,0
C,초기,5,69000000,33,0
C,협의중,6,82000000,29,0
B,초기,2,37000000,4,0
A,유력,4,106000000,11,1
B,협의중,5,36000000,22,1
B,유력,5,39000000,34,0
B,초기,1,106000000,12,1
B,초기,3,103000000,27,0
B,협의중,5,116000000,24,1
C,협의중,1,69000000,15,0
D,협의중,2,48000000,23,0
C,유력,4,94000000,15,0
A,초기,6,22000000,6,0
B,초기,5,74000000,10,0
C,협의중,5,23000000,14,0
D,초기,6,53000000,7,0
D,협의중,2,97000000,6,0
A,유력,6,46000000,31,1
A,유력,4,39000000,4,1
C,초기,2,104000000,30,0
B,유력,5,56000000,32,0
D,유력,1,62000000,17,1
C,유력,1,62000000,16,1
C,초기,5,73000000,34,0
C,협의중,3,35000000,9,0
D,협의중,2,103000000,30,0
B,협의중,3,100000000,4,0
A,유력,4,79000000,9,1
B,유력,2,102000000,16,1
A,협의중,6,103000000,25,1
C,협의중,6,38000000,32,0
A,초기,4,73000000,30,0
C,협의중,5,107000000,15,0
B,유력,3,39000000,14,1
C,협의중,6,86000000,3,0
B,초기,3,90000000,9,1
B,협의중,4,37000000,30,1
C,협의중,3,21000000,15,0
B,협의중,1,58000000,4,0
D,유력,3,33000000,31,1
D,협의중,4,88000000,15,0
D,초기,3,68000000,25,0
B,협의중,6,32000000,22,0
A,유력,3,117000000,5,1
C,초기,5,108000000,14,0
B,유력,4,62000000,32,0
C,협의중,2,93000000,15,1
A,유력,3,99000000,3,1
B,유력,1,81000000,20,1
C,초기,6,100000000,25,0
A,초기,2,70000000,16,0
C,초기,2,23000000,3,0
B,초기,2,51000000,14,0
C,협의중,3,107000000,31,0
B,유력,6,54000000,4,0
B,유력,6,29000000,20,1
D,유력,3,70000000,34,1
C,협의중,4,118000000,16,0
B,유력,2,50000000,24,1
B,협의중,5,86000000,29,0
D,초기,6,52000000,35,0
B,협의중,2,102000000,25,0
D,협의중,4,81000000,16,0
B,초기,3,48000000,12,1
C,협의중,3,85000000,33,1
B,협의중,2,38000000,29,0
C,초기,6,50000000,22,0
D,협의중,5,106000000,24,0
A,초기,6,119000000,22,0
A,유력,1,94000000,14,1
B,초기,1,24000000,32,1
A,유력,5,115000000,15,1
C,협의중,6,80000000,12,0
B,초기,3,103000000,3,0
D,초기,2,60000000,25,0
A,초기,6,99000000,3,0
B,협의중,5,30000000,22,1
A,초기,4,94000000,19,0
C,협의중,2,114000000,34,0
C,협의중,1,120000000,9,1
A,협의중,1,53000000,13,1
A,협의중,3,37000000,30,0
B,초기,6,62000000,10,0
B,협의중,5,42000000,25,1
B,초기,6,114000000,30,0
C,유력,6,28000000,17,1
A,협의중,3,62000000,25,1
C,협의중,6,22000000,29,1
A,유력,4,76000000,15,1
B,초기,2,29000000,23,0
B,협의중,6,115000000,13,0
B,초기,4,21000000,35,0
A,유력,6,74000000,28,1
B,유력,4,91000000,17,1
C,초기,2,97000000,24,0
B,협의중,1,57000000,24,1
B,협의중,5,87000000,12,0
A,협의중,6,71000000,31,1
C,유력,2,53000000,17,0
B,협의중,1,57000000,35,1
D,협의중,6,37000000,6,0
C,초기,3,64000000,5,0
A,초기,6,48000000,9,1
A,협의중,3,74000000,27,1
C,초기,6,60000000,21,0
C,협의중,2,28000000,15,0
A,유력,3,46000000,8,1
C,유력,6,92000000,33,0
C,초기,1,70000000,12,0
A,협의중,4,95000000,11,1
C,협의중,1,75000000,16,0
B,유력,2,105000000,8,0
C,협의중,5,37000000,13,1
B,협의중,1,118000000,23,0
C,협의중,4,32000000,4,0
B,협의중,4,18000000,31,0
B,협의중,5,111000000,8,1
A,초기,3,24000000,3,0
A,초기,6,66000000,18,0
B,초기,2,113000000,22,0
D,초기,3,82000000,28,0
B,초기,1,52000000,3,0
C,초기,4,105000000,32,0
B,초기,6,110000000,12,0
B,협의중,1,27000000,18,0
C,협의중,1,24000000,23,1
A,협의중,1,87000000,22,1
A,초기,6,88000000,13,0
A,초기,5,112000000,15,0
A,유력,4,84000000,10,1
C,초기,1,48000000,8,0
C,유력,6,66000000,3,0
B,협의중,6,80000000,30,0
A,초기,2,28000000,19,0
A,초기,4,19000000,32,1
A,협의중,1,119000000,23,1
A,초기,3,28000000,10,0
B,초기,3,120000000,22,0
D,협의중,4,36000000,28,0
B,초기,2,76000000,30,0
A,협의중,6,32000000,35,1
C,유력,2,92000000,25,1
A,협의중,4,117000000,31,0
D,협의중,4,44000000,32,1
B,유력,4,113000000,21,0
A,협의중,2,105000000,21,0
D,협의중,4,66000000,14,0
A,초기,3,105000000,10,1
B,유력,6,56000000,14,1
A,초기,5,47000000,10,0
D,협의중,2,71000000,19,0
C,협의중,4,86000000,27,0
D,유력,2,66000000,17,1
B,초기,6,95000000,17,0
A,유력,3,91000000,14,1
A,유력,5,32000000,13,1
A,협의중,2,53000000,7,1
B,협의중,6,36000000,9,1
B,초기,2,53000000,33,1
A,초기,1,75000000,28,0
C,협의중,6,75000000,19,0
B,초기,5,75000000,6,0
D,초기,4,33000000,10,0
D,유력,4,63000000,9,0
B,초기,1,73000000,7,0
C,협의중,6,58000000,29,0
A,협의중,1,39000000,32,0
B,협의중,2,113000000,29,1
B,협의중,2,80000000,35,1
B,유력,5,106000000,6,0
D,초기,1,32000000,16,0
A,초기,4,62000000,15,0
C,초기,2,120000000,15,0
A,유력,1,78000000,24,1
A,유력,3,106000000,6,1
C,협의중,6,55000000,26,0
B,초기,6,71000000,18,0
D,협의중,1,37000000,33,0
D,초기,6,37000000,12,0
C,유력,1,74000000,20,1
C,협의중,3,89000000,7,0
C,유력,3,81000000,29,0
D,초기,6,41000000,15,0
A,협의중,4,47000000,19,1
A,초기,5,50000000,23,1
B,초기,1,95000000,18,1
C,협의중,4,84000000,24,0
C,협의중,4,107000000,22,0
C,협의중,2,98000000,20,0
A,유력,5,95000000,14,1
B,협의중,2,60000000,8,1
B,초기,2,45000000,33,1
B,초기,6,35000000,10,0
A,초기,1,108000000,14,1
C,협의중,6,52000000,9,0
B,유력,6,47000000,6,1
D,초기,2,73000000,23,0
A,유력,1,101000000,22,1
A,유력,5,52000000,12,1
C,초기,3,49000000,26,1
C,협의중,3,107000000,8,1
C,협의중,1,61000000,29,0
A,유력,3,31000000,22,1
A,협의중,6,26000000,15,1
B,유력,2,56000000,23,0
C,협의중,5,40000000,27,0
C,유력,1,21000000,15,1
B,초기,6,91000000,14,1
D,초기,4,109000000,27,0
C,유력,5,40000000,13,1
A,협의중,1,90000000,19,1
A,유력,2,95000000,4,0
C,유력,3,34000000,20,0
D,초기,4,72000000,14,0
A,협의중,2,56000000,17,0
B,협의중,1,112000000,27,0
C,협의중,5,73000000,26,0
A,초기,5,40000000,27,0
D,협의중,3,20000000,31,0
B,유력,5,62000000,13,0
D,협의중,5,97000000,26,0
D,유력,6,19000000,18,0
C,협의중,4,54000000,23,1
C,유력,4,69000000,24,1
B,유력,5,43000000,3,1
B,협의중,3,35000000,35,0
A,초기,3,112000000,28,0
B,협의중,4,93000000,19,0
B,초기,6,100000000,4,0
D,협의중,1,28000000,19,0
D,초기,2,120000000,19,0
D,유력,4,31000000,24,1
C,협의중,6,59000000,3,0
A,협의중,4,20000000,9,1
C,초기,6,105000000,14,0
C,유력,3,96000000,30,0
B,유력,3,59000000,4,0
C,협의중,6,91000000,17,0
B,초기,6,113000000,19,0
C,협의중,4,107000000,13,0
C,초기,1,34000000,24,1
D,유력,5,59000000,34,0
A,협의중,3,83000000,7,0
C,초기,6,54000000,18,0
B,협의중,1,103000000,27,1
B,초기,6,28000000,4,0
D,초기,5,91000000,27,0
A,유력,6,44000000,3,0
C,협의중,3,36000000,34,0
B,유력,1,45000000,27,1
A,유력,6,72000000,16,1
C,초기,5,51000000,28,0
B,협의중,6,49000000,17,1
A,유력,2,46000000,26,1
B,협의중,6,24000000,31,0
C,유력,3,53000000,25,1
D,초기,4,35000000,27,0
B,협의중,6,23000000,35,0
D,유력,5,80000000,34,1
B,유력,3,96000000,20,0
C,유력,5,109000000,24,1
B,초기,6,76000000,19,0
D,유력,2,78000000,27,1
B,초기,3,37000000,4,0
B,협의중,1,57000000,31,1
B,초기,4,116000000,16,0
A,협의중,1,118000000,5,0
A,유력,6,22000000,29,1
B,협의중,2,113000000,21,0
B,협의중,3,101000000,30,1
B,초기,2,104000000,11,0
B,초기,6,103000000,3,0
A,협의중,5,112000000,8,1
C,유력,5,114000000,26,0
A,협의중,5,82000000,28,0
D,초기,1,105000000,23,0
C,협의중,3,69000000,30,1
C,협의중,4,29000000,35,0
C,협의중,6,18000000,20,0
C,협의중,6,101000000,27,0
A,협의중,6,65000000,11,1
B,협의중,3,20000000,7,1
A,초기,2,18000000,14,0
A,협의중,3,20000000,23,1
B,초기,5,72000000,14,0
A,초기,1,45000000,8,1
B,협의중,3,75000000,18,1
B,초기,4,111000000,35,0
B,초기,3,34000000,3,0
C,초기,1,113000000,13,0
A,협의중,6,46000000,25,0
B,협의중,6,114000000,29,0
D,유력,4,56000000,9,1
D,유력,1,82000000,15,1
B,협의중,3,71000000,23,0
A,초기,5,85000000,26,0
C,협의중,5,59000000,24,0
C,초기,5,84000000,22,0
C,유력,2,88000000,27,1
C,유력,1,66000000,32,1
C,초기,2,30000000,17,0
C,협의중,5,109000000,5,0
D,유력,1,51000000,27,1
A,협의중,2,57000000,13,1
C,협의중,4,113000000,18,0
C,유력,6,31000000,14,1
B,협의중,2,55000000,8,0
B,협의중,2,49000000,8,1
C,협의중,1,26000000,23,1
A,유력,3,19000000,31,1
A,협의중,1,96000000,29,1
B,협의중,3,58000000,32,1
C,협의중,6,120000000,22,0
D,초기,5,112000000,14,0
A,협의중,5,94000000,20,1
A,협의중,1,97000000,9,1
D,유력,6,66000000,27,0
A,초기,6,111000000,11,1
B,유력,1,69000000,12,1
B,초기,6,28000000,34,0
C,초기,4,97000000,27,0
A,초기,3,81000000,8,0
A,협의중,2,102000000,25,1
C,협의중,4,24000000,15,1
A,유력,6,77000000,20,1
C,협의중,3,42000000,32,0
A,협의중,3,60000000,14,0
C,협의중,5,120000000,4,0
A,협의중,5,69000000,4,0
A,협의중,2,119000000,14,1
B,협의중,3,79000000,19,1
C,협의중,5,61000000,5,0
A,유력,6,82000000,35,1
B,협의중,2,22000000,9,0
B,유력,4,35000000,17,1
B,협의중,5,74000000,27,1
C,유력,5,97000000,18,1
B,유력,4,100000000,11,0
A,협의중,1,30000000,15,1
A,초기,5,53000000,31,0
A,협의중,1,45000000,35,1
B,유력,6,50000000,23,0
B,유력,5,55000000,22,1
C,초기,4,90000000,6,0
A,협의중,5,48000000,25,0
D,협의중,2,99000000,6,0
B,초기,6,111000000,28,0
C,초기,5,115000000,28,0
B,유력,3,66000000,12,1
A,유력,6,86000000,14,0
A,유력,6,86000000,3,0
A,초기,2,65000000,16,1
D,협의중,4,86000000,22,0
C,협의중,4,99000000,34,0
C,협의중,3,120000000,17,0
B,초기,3,91000000,33,0
A,협의중,2,28000000,33,1
B,유력,3,94000000,13,0
C,협의중,5,108000000,32,0
A,협의중,6,99000000,21,0
B,유력,2,72000000,31,1
A,협의중,1,119000000,34,1
B,초기,4,63000000,23,1
B,협의중,3,32000000,28,1
B,초기,6,19000000,6,0
A,협의중,2,25000000,10,1
A,초기,6,59000000,33,0
A,유력,2,34000000,20,1
C,초기,6,94000000,13,0
B,초기,6,84000000,19,0
C,유력,6,82000000,5,0
C,초기,3,88000000,3,0
D,유력,4,113000000,18,1
D,협의중,6,80000000,9,0
B,초기,1,62000000,18,0
D,초기,4,80000000,20,0
C,협의중,6,35000000,34,1
C,협의중,4,107000000,22,0
A,협의중,2,108000000,25,1
C,유력,2,120000000,35,1
A,유력,3,59000000,16,1
D,협의중,4,61000000,23,0
A,초기,2,71000000,19,1
C,협의중,6,83000000,20,0
B,협의중,5,117000000,4,0
C,초기,5,107000000,9,0
A,협의중,3,26000000,12,1
C,초기,3,95000000,13,0
C,협의중,3,97000000,14,0
C,초기,6,61000000,33,0
B,협의중,3,92000000,5,0
B,협의중,5,51000000,16,0
B,유력,4,86000000,33,0
A,유력,5,40000000,12,1
C,초기,5,24000000,34,0
D,초기,1,62000000,16,0
B,초기,1,102000000,6,0
D,협의중,4,76000000,17,0
C,초기,6,27000000,19,0
B,초기,3,77000000,35,0
B,초기,3,100000000,34,0
B,협의중,6,65000000,32,1
C,초기,2,86000000,26,0
B,초기,6,113000000,25,0
B,유력,3,82000000,9,0
B,초기,5,116000000,19,0
A,초기,2,48000000,16,0
C,유력,3,74000000,3,1
B,초기,5,74000000,9,1
D,협의중,4,110000000,18,0
A,협의중,3,91000000,24,0
B,초기,3,65000000,28,1
B,초기,4,30000000,4,1
B,협의중,6,23000000,9,1
A,협의중,5,119000000,20,0
B,협의중,5,40000000,23,1
A,유력,2,32000000,26,1
C,협의중,5,72000000,31,0
A,유력,4,80000000,18,1
C,협의중,5,94000000,29,1
A,초기,5,86000000,16,1
A,초기,3,31000000,15,0
A,초기,5,77000000,22,1
C,유력,2,73000000,28,0
D,협의중,6,116000000,29,0
C,초기,6,52000000,4,0
C,유력,6,19000000,6,0
C,초기,3,117000000,30,0
B,초기,1,83000000,14,0
B,유력,6,71000000,18,0
B,협의중,3,108000000,7,1
B,유력,4,72000000,9,1
A,초기,2,119000000,13,1
C,초기,2,66000000,8,0
B,유력,5,90000000,12,0
C,유력,4,115000000,23,0
B,협의중,4,65000000,16,1
C,협의중,3,27000000,10,0
C,협의중,6,115000000,24,1
B,협의중,5,20000000,24,1
A,유력,6,87000000,9,1
A,유력,6,72000000,35,1
A,유력,3,81000000,8,1
C,초기,1,51000000,18,1
B,유력,1,32000000,14,1
B,유력,1,43000000,3,1
D,협의중,3,77000000,33,1
B,유력,6,103000000,33,1
D,초기,4,66000000,12,0
B,협의중,6,79000000,7,0
A,초기,2,23000000,21,0
C,협의중,1,102000000,22,1
B,협의중,1,46000000,13,1
B,협의중,4,50000000,30,1
A,협의중,4,22000000,23,0
C,초기,6,20000000,27,0
B,유력,1,90000000,34,0
A,초기,6,32000000,31,0
A,초기,3,89000000,9,1
D,초기,4,77000000,3,0
A,유력,2,26000000,18,1
B,초기,3,39000000,28,0
A,초기,5,112000000,4,0
B,협의중,3,83000000,3,1
C,협의중,2,116000000,26,0
C,유력,2,105000000,8,1
B,초기,3,28000000,33,0
D,협의중,2,116000000,25,1
D,협의중,3,24000000,8,1
B,초기,5,60000000,26,0
C,협의중,5,92000000,3,0
B,유력,5,76000000,9,1
B,유력,6,21000000,15,1
B,협의중,1,91000000,22,1
B,유력,4,18000000,24,1
B,협의중,2,115000000,23,1
B,협의중,1,114000000,32,0
B,협의중,6,73000000,6,1
B,협의중,6,109000000,32,0
C,초기,1,99000000,33,0
A,초기,3,92000000,29,0
C,협의중,4,51000000,24,1
A,협의중,5,23000000,22,0
D,협의중,2,32000000,8,0
B,유력,3,38000000,33,1
B,유력,3,92000000,22,0
B,초기,1,24000000,33,0
B,협의중,4,64000000,21,0
B,협의중,2,83000000,32,1
B,협의중,3,82000000,24,1
D,초기,2,92000000,3,0
B,협의중,5,62000000,29,1
B,협의중,6,94000000,14,0
D,협의중,4,26000000,16,0
D,유력,4,22000000,31,0
D,협의중,3,77000000,5,0
A,협의중,4,36000000,27,1
B,초기,6,115000000,31,1
C,초기,4,115000000,18,0
A,협의중,4,40000000,14,1
A,협의중,6,39000000,21,1
